id,sku,name,description,category,sub_category,brand,price,cost_price,stock_quantity,is_active,created_at,updated_at
1,BH-00001-11,GlossGlow Vitamin C Serum,Premium haircare product by GlossGlow. High quality and durable.,Beauty,Haircare,GlossGlow,17.46,9.27,2950,True,2023-06-28 18:03:03,
2,FDSN-00001-59,MunchCo Herbal Tea Box,Premium snacks product by MunchCo. High quality and durable.,Food & Drink,Snacks,MunchCo,22.34,9.68,815,True,2021-10-01 11:17:48,
3,EH-00001-74,Auraloop Smart Doorbell,Premium headphones product by Auraloop. High quality and durable.,Electronics,Headphones,Auraloop,1160.98,576.13,176,False,2023-08-06 09:02:38,
4,HD-00001-60,Serein Lab Throw Pillow Set,Premium decor product by Serein Lab. High quality and durable.,Home,Decor,Serein Lab,449.19,137.65,2882,True,2023-01-04 20:42:12,
5,TO-00001-17,PlayZone Science Kit,Premium outdoor play product by PlayZone. High quality and durable.,Toys,Outdoor Play,PlayZone,128.9,78.31,241,True,2022-12-02 20:39:55,
6,EL-00001-60,Voltix LED Strip,Premium laptops product by Voltix. High quality and durable.,Electronics,Laptops,Voltix,796.89,263.55,3131,True,2022-12-08 14:15:32,
7,BS-00001-83,Velvet Hue Hair Mask,Premium skincare product by Velvet Hue. High quality and durable.,Beauty,Skincare,Velvet Hue,29.69,18.99,4959,True,2022-02-14 09:38:32,
8,EH-00002-84,Auraloop LED Strip,Premium headphones product by Auraloop. High quality and durable.,Electronics,Headphones,Auraloop,661.09,383.46,1131,True,2022-02-25 05:09:25,
9,BS-00002-93,Velvet Hue Hair Mask,Premium skincare product by Velvet Hue. High quality and durable.,Beauty,Skincare,Velvet Hue,140.49,87.24,2600,True,2022-01-03 19:35:47,
10,EL-00002-28,Voltix 4K Webcam,Premium laptops product by Voltix. High quality and durable.,Electronics,Laptops,Voltix,879.32,499.37,3391,True,2024-10-08 08:48:30,
11,FMA-00001-29,DapperCo Leather Belt,Premium men's apparel product by DapperCo. High quality and durable.,Fashion,Men's Apparel,DapperCo,393.97,132.91,1513,False,2023-04-10 02:43:06,
12,TBG-00001-88,GameCraft Card Game,Premium board games product by GameCraft. High quality and durable.,Toys,Board Games,GameCraft,53.87,20.54,213,True,2025-01-20 18:02:14,
13,EC-00001-93,OpticPro Wireless Earbuds,Premium cameras product by OpticPro. High quality and durable.,Electronics,Cameras,OpticPro,464.4,277.83,4025,True,2022-08-24 10:29:51,
14,ESH-00001-62,NexLink Wireless Earbuds,Premium smart home product by NexLink. High quality and durable.,Electronics,Smart Home,NexLink,923.33,281.85,2210,True,2022-09-23 04:22:03,
15,FDS-00001-18,PureBoost Herbal Tea Box,Premium supplements product by PureBoost. High quality and durable.,Food & Drink,Supplements,PureBoost,18.28,11.59,3598,True,2023-10-07 09:58:24,
16,FDCT-00001-41,BrewRoots Herbal Tea Box,Premium coffee & tea product by BrewRoots. High quality and durable.,Food & Drink,Coffee & Tea,BrewRoots,37.07,21.19,4980,True,2023-08-31 03:19:40,
17,BH-00002-83,GlossGlow Lip Palette,Premium haircare product by GlossGlow. High quality and durable.,Beauty,Haircare,GlossGlow,92.32,44.67,315,True,2024-11-20 12:57:52,
18,FDS-00002-41,PureBoost Granola Mix,Premium supplements product by PureBoost. High quality and durable.,Food & Drink,Supplements,PureBoost,43.9,19.25,321,True,2021-06-03 03:44:06,
19,EL-00003-66,Voltix USB-C Hub,Premium laptops product by Voltix. High quality and durable.,Electronics,Laptops,Voltix,492.7,200.33,2342,True,2023-07-04 17:31:32,
20,TL-00001-98,BrightMind Plush Bear,Premium learning toys product by BrightMind. High quality and durable.,Toys,Learning Toys,BrightMind,108.22,37.85,3700,True,2021-12-18 14:41:07,
21,EH-00003-60,Auraloop LED Strip,Premium headphones product by Auraloop. High quality and durable.,Electronics,Headphones,Auraloop,510.93,233.91,1465,True,2022-09-20 09:08:29,
22,BS-00003-42,Velvet Hue Vitamin C Serum,Premium skincare product by Velvet Hue. High quality and durable.,Beauty,Skincare,Velvet Hue,54.02,28.47,1343,True,2021-10-11 07:42:42,
23,SC-00001-67,VeloEdge Jump Rope,Premium cycling product by VeloEdge. High quality and durable.,Sports,Cycling,VeloEdge,259.12,85.47,3146,True,2022-05-12 18:59:00,
24,BH-00003-58,GlossGlow Dry Shampoo,Premium haircare product by GlossGlow. High quality and durable.,Beauty,Haircare,GlossGlow,14.23,5.12,2745,True,2022-04-12 07:30:07,
25,EH-00004-32,Auraloop Portable Charger,Premium headphones product by Auraloop. High quality and durable.,Electronics,Headphones,Auraloop,928.76,295.31,2523,True,2024-10-18 11:25:32,
26,HF-00001-33,NestCraft Desk Lamp,Premium furniture product by NestCraft. High quality and durable.,Home,Furniture,NestCraft,79.36,27.46,1661,False,2023-02-26 09:19:20,
27,SO-00001-73,TrailForce Kettlebell,Premium outdoor product by TrailForce. High quality and durable.,Sports,Outdoor,TrailForce,344.33,168.8,47,True,2023-01-10 01:29:44,
28,EC-00002-68,OpticPro Smart Doorbell,Premium cameras product by OpticPro. High quality and durable.,Electronics,Cameras,OpticPro,506.93,166.17,4916,False,2023-05-15 01:36:12,
29,TBG-00002-81,GameCraft Card Game,Premium board games product by GameCraft. High quality and durable.,Toys,Board Games,GameCraft,165.82,61.8,1514,True,2023-12-21 08:48:18,
30,SF-00001-14,IronPath Pro Bar,Premium fitness product by IronPath. High quality and durable.,Sports,Fitness,IronPath,271.79,161.25,2444,True,2021-06-02 08:02:37,
31,SO-00002-32,TrailForce Jump Rope,Premium outdoor product by TrailForce. High quality and durable.,Sports,Outdoor,TrailForce,77.11,30.81,4873,True,2022-07-06 05:20:21,
32,BH-00004-84,GlossGlow Lip Palette,Premium haircare product by GlossGlow. High quality and durable.,Beauty,Haircare,GlossGlow,59.15,18.49,2451,True,2021-07-30 05:35:35,
33,FDCT-00002-80,BrewRoots Cold Brew Blend,Premium coffee & tea product by BrewRoots. High quality and durable.,Food & Drink,Coffee & Tea,BrewRoots,9.87,4.59,999,True,2023-10-20 19:34:01,
34,TO-00002-77,PlayZone Card Game,Premium outdoor play product by PlayZone. High quality and durable.,Toys,Outdoor Play,PlayZone,49.87,18.61,476,True,2021-09-30 09:07:47,
35,BH-00005-98,GlossGlow Eye Cream,Premium haircare product by GlossGlow. High quality and durable.,Beauty,Haircare,GlossGlow,93.88,54.06,2352,True,2023-09-11 07:05:51,
36,HF-00002-83,NestCraft Scented Candle,Premium furniture product by NestCraft. High quality and durable.,Home,Furniture,NestCraft,597.06,253.06,1062,True,2025-03-27 10:16:02,
37,BS-00004-88,Velvet Hue Vitamin C Serum,Premium skincare product by Velvet Hue. High quality and durable.,Beauty,Skincare,Velvet Hue,41.05,16.49,1585,False,2024-12-15 08:23:07,
38,FF-00001-36,StepUp Linen Shirt,Premium footwear product by StepUp. High quality and durable.,Fashion,Footwear,StepUp,403.79,262.32,3391,False,2022-10-22 17:03:50,
39,SC-00002-35,VeloEdge Jump Rope,Premium cycling product by VeloEdge. High quality and durable.,Sports,Cycling,VeloEdge,280.66,109.19,555,True,2023-10-04 09:30:42,
40,FDS-00003-24,PureBoost Whey Protein,Premium supplements product by PureBoost. High quality and durable.,Food & Drink,Supplements,PureBoost,56.44,23.68,4660,True,2022-06-30 15:51:15,
41,EL-00004-53,Voltix LED Strip,Premium laptops product by Voltix. High quality and durable.,Electronics,Laptops,Voltix,1108.68,518.52,3887,True,2022-02-26 18:32:39,
42,BS-00005-90,Velvet Hue Eye Cream,Premium skincare product by Velvet Hue. High quality and durable.,Beauty,Skincare,Velvet Hue,73.41,44.25,2745,True,2024-07-10 02:34:38,
43,FF-00002-76,StepUp Running Shoes,Premium footwear product by StepUp. High quality and durable.,Fashion,Footwear,StepUp,163.68,90.64,2584,True,2022-10-10 01:10:31,
44,TBG-00003-52,GameCraft Puzzle Set,Premium board games product by GameCraft. High quality and durable.,Toys,Board Games,GameCraft,161.91,98.9,2896,True,2023-05-22 08:36:54,
45,FDS-00004-53,PureBoost Herbal Tea Box,Premium supplements product by PureBoost. High quality and durable.,Food & Drink,Supplements,PureBoost,78.77,40.9,1359,True,2022-08-06 03:59:03,
46,TL-00002-49,BrightMind Building Blocks,Premium learning toys product by BrightMind. High quality and durable.,Toys,Learning Toys,BrightMind,144.0,59.05,259,True,2025-03-25 07:03:53,
47,EL-00005-67,Voltix Smart Speaker,Premium laptops product by Voltix. High quality and durable.,Electronics,Laptops,Voltix,999.61,405.76,4301,True,2024-03-08 15:32:39,
48,FDS-00005-35,PureBoost Granola Mix,Premium supplements product by PureBoost. High quality and durable.,Food & Drink,Supplements,PureBoost,73.5,33.47,204,True,2022-04-24 16:52:18,
49,EL-00006-71,Voltix Portable Charger,Premium laptops product by Voltix. High quality and durable.,Electronics,Laptops,Voltix,885.62,427.99,2681,True,2021-11-02 06:10:02,
50,FDSN-00002-96,MunchCo Energy Gummies,Premium snacks product by MunchCo. High quality and durable.,Food & Drink,Snacks,MunchCo,79.45,29.54,299,True,2021-12-26 21:21:26,
51,SO-00003-15,TrailForce Pro Bar,Premium outdoor product by TrailForce. High quality and durable.,Sports,Outdoor,TrailForce,279.52,142.0,713,True,2021-11-17 07:54:15,
52,TBG-00004-49,GameCraft Puzzle Set,Premium board games product by GameCraft. High quality and durable.,Toys,Board Games,GameCraft,14.27,8.07,1719,True,2023-06-10 08:00:44,
53,HF-00003-50,NestCraft Throw Pillow Set,Premium furniture product by NestCraft. High quality and durable.,Home,Furniture,NestCraft,465.94,249.23,2233,True,2021-12-22 14:47:09,
54,SC-00003-81,VeloEdge Yoga Mat,Premium cycling product by VeloEdge. High quality and durable.,Sports,Cycling,VeloEdge,212.91,79.27,2869,True,2022-03-16 19:14:30,
55,FMA-00002-83,DapperCo Running Shoes,Premium men's apparel product by DapperCo. High quality and durable.,Fashion,Men's Apparel,DapperCo,137.52,44.69,2774,True,2022-02-09 03:01:15,
56,SO-00004-96,TrailForce Resistance Band Set,Premium outdoor product by TrailForce. High quality and durable.,Sports,Outdoor,TrailForce,34.43,14.95,705,True,2024-10-17 03:57:40,
57,TO-00003-49,PlayZone Magnetic Tiles,Premium outdoor play product by PlayZone. High quality and durable.,Toys,Outdoor Play,PlayZone,73.14,27.01,4370,True,2024-12-17 20:45:47,
58,TL-00003-21,BrightMind Science Kit,Premium learning toys product by BrightMind. High quality and durable.,Toys,Learning Toys,BrightMind,164.44,102.26,3836,True,2024-12-16 22:28:58,
59,BS-00006-38,Velvet Hue Lip Palette,Premium skincare product by Velvet Hue. High quality and durable.,Beauty,Skincare,Velvet Hue,28.41,17.43,2113,True,2022-07-24 15:47:45,
60,FMA-00003-51,DapperCo Wool Coat,Premium men's apparel product by DapperCo. High quality and durable.,Fashion,Men's Apparel,DapperCo,237.58,73.79,3893,True,2024-12-04 00:40:20,
61,FDS-00006-46,PureBoost Herbal Tea Box,Premium supplements product by PureBoost. High quality and durable.,Food & Drink,Supplements,PureBoost,62.6,32.02,1043,True,2021-11-29 09:06:13,
62,HF-00004-93,NestCraft Scented Candle,Premium furniture product by NestCraft. High quality and durable.,Home,Furniture,NestCraft,51.85,21.04,3776,True,2023-01-12 05:27:46,
63,TL-00004-80,BrightMind Magnetic Tiles,Premium learning toys product by BrightMind. High quality and durable.,Toys,Learning Toys,BrightMind,40.21,18.85,541,True,2024-09-01 12:45:43,
64,FDCT-00003-82,BrewRoots Energy Gummies,Premium coffee & tea product by BrewRoots. High quality and durable.,Food & Drink,Coffee & Tea,BrewRoots,64.05,31.42,1934,True,2021-08-31 00:13:39,
65,FA-00001-24,CharmWear Wool Coat,Premium accessories product by CharmWear. High quality and durable.,Fashion,Accessories,CharmWear,304.24,140.56,4547,True,2022-07-02 08:29:09,
66,HD-00002-18,Serein Lab Scented Candle,Premium decor product by Serein Lab. High quality and durable.,Home,Decor,Serein Lab,362.97,195.98,4885,True,2023-10-15 05:19:40,
67,BH-00006-94,GlossGlow Eye Cream,Premium haircare product by GlossGlow. High quality and durable.,Beauty,Haircare,GlossGlow,16.73,6.29,1138,True,2021-01-01 13:44:42,
68,FDS-00007-94,PureBoost Herbal Tea Box,Premium supplements product by PureBoost. High quality and durable.,Food & Drink,Supplements,PureBoost,16.19,7.87,3194,True,2022-08-31 21:57:38,
69,EL-00007-48,Voltix USB-C Hub,Premium laptops product by Voltix. High quality and durable.,Electronics,Laptops,Voltix,695.07,430.68,2494,True,2023-12-06 14:13:51,
70,SC-00004-11,VeloEdge Pro Bar,Premium cycling product by VeloEdge. High quality and durable.,Sports,Cycling,VeloEdge,250.42,119.86,1044,True,2024-02-22 03:15:15,
71,TL-00005-10,BrightMind Science Kit,Premium learning toys product by BrightMind. High quality and durable.,Toys,Learning Toys,BrightMind,143.64,84.35,2942,True,2021-04-07 21:18:10,
72,EC-00003-99,OpticPro USB-C Hub,Premium cameras product by OpticPro. High quality and durable.,Electronics,Cameras,OpticPro,718.44,372.74,3135,True,2022-10-19 05:24:43,
73,FWA-00001-70,Fiorelux Casual Sneakers,Premium women's apparel product by Fiorelux. High quality and durable.,Fashion,Women's Apparel,Fiorelux,86.75,42.89,2951,True,2023-06-16 05:56:48,
74,FDSN-00003-26,MunchCo Herbal Tea Box,Premium snacks product by MunchCo. High quality and durable.,Food & Drink,Snacks,MunchCo,15.07,4.9,128,True,2024-09-18 21:19:49,
75,ESH-00002-27,NexLink LED Strip,Premium smart home product by NexLink. High quality and durable.,Electronics,Smart Home,NexLink,779.64,347.37,3735,True,2024-08-15 14:48:13,
76,TL-00006-68,BrightMind Puzzle Set,Premium learning toys product by BrightMind. High quality and durable.,Toys,Learning Toys,BrightMind,106.79,52.67,3686,True,2022-08-01 05:35:01,
77,BH-00007-10,GlossGlow Foundation Kit,Premium haircare product by GlossGlow. High quality and durable.,Beauty,Haircare,GlossGlow,90.07,53.72,1939,True,2024-06-30 10:17:14,
78,TBG-00005-56,GameCraft Building Blocks,Premium board games product by GameCraft. High quality and durable.,Toys,Board Games,GameCraft,16.36,5.12,3958,True,2025-02-05 01:41:45,
79,FF-00003-28,StepUp Running Shoes,Premium footwear product by StepUp. High quality and durable.,Fashion,Footwear,StepUp,370.49,179.41,2289,True,2021-10-02 19:02:16,
80,EC-00004-90,OpticPro Smart Doorbell,Premium cameras product by OpticPro. High quality and durable.,Electronics,Cameras,OpticPro,896.48,570.29,639,True,2023-08-29 21:40:05,
81,TL-00007-53,BrightMind Remote Car,Premium learning toys product by BrightMind. High quality and durable.,Toys,Learning Toys,BrightMind,111.66,33.92,3719,True,2023-10-27 23:28:28,
82,BM-00001-47,Lumiere Co Dry Shampoo,Premium makeup product by Lumiere Co. High quality and durable.,Beauty,Makeup,Lumiere Co,49.07,15.33,4895,True,2023-03-21 04:02:53,
83,SC-00005-70,VeloEdge Jump Rope,Premium cycling product by VeloEdge. High quality and durable.,Sports,Cycling,VeloEdge,237.58,118.91,2390,True,2021-03-26 19:29:34,
84,HD-00003-20,Serein Lab Storage Basket,Premium decor product by Serein Lab. High quality and durable.,Home,Decor,Serein Lab,84.82,27.73,2276,True,2023-05-23 22:47:09,
85,HD-00004-11,Serein Lab Wall Clock,Premium decor product by Serein Lab. High quality and durable.,Home,Decor,Serein Lab,447.44,228.79,4847,True,2024-10-19 16:52:27,
86,HK-00001-43,ChefMate Desk Lamp,Premium kitchen product by ChefMate. High quality and durable.,Home,Kitchen,ChefMate,471.69,180.5,1481,True,2021-04-13 19:24:31,
87,HK-00002-28,ChefMate Scented Candle,Premium kitchen product by ChefMate. High quality and durable.,Home,Kitchen,ChefMate,361.37,212.34,4062,True,2024-04-05 11:00:07,
88,EC-00005-91,OpticPro 4K Webcam,Premium cameras product by OpticPro. High quality and durable.,Electronics,Cameras,OpticPro,221.56,111.27,2826,True,2021-12-27 09:10:00,
89,SF-00002-69,IronPath Pull-Up Bar,Premium fitness product by IronPath. High quality and durable.,Sports,Fitness,IronPath,168.52,68.33,4362,True,2024-04-26 21:45:48,
90,BM-00002-28,Lumiere Co Lip Palette,Premium makeup product by Lumiere Co. High quality and durable.,Beauty,Makeup,Lumiere Co,83.32,37.67,2365,True,2024-04-01 20:17:22,
91,FMA-00004-77,DapperCo Baseball Cap,Premium men's apparel product by DapperCo. High quality and durable.,Fashion,Men's Apparel,DapperCo,347.78,109.33,4352,True,2024-09-03 12:17:19,
92,TBG-00006-44,GameCraft Plush Bear,Premium board games product by GameCraft. High quality and durable.,Toys,Board Games,GameCraft,73.64,28.98,805,True,2024-04-30 06:32:19,
93,BH-00008-40,GlossGlow Dry Shampoo,Premium haircare product by GlossGlow. High quality and durable.,Beauty,Haircare,GlossGlow,112.27,56.81,1596,True,2022-07-13 23:33:28,
94,HF-00005-11,NestCraft Storage Basket,Premium furniture product by NestCraft. High quality and durable.,Home,Furniture,NestCraft,406.95,240.54,97,True,2021-11-19 19:53:18,
95,FA-00002-54,CharmWear Leather Belt,Premium accessories product by CharmWear. High quality and durable.,Fashion,Accessories,CharmWear,125.32,50.02,1581,False,2021-10-13 15:38:21,
96,SC-00006-94,VeloEdge Pull-Up Bar,Premium cycling product by VeloEdge. High quality and durable.,Sports,Cycling,VeloEdge,359.18,135.01,4910,True,2022-01-08 18:08:31,
97,SC-00007-26,VeloEdge Resistance Band Set,Premium cycling product by VeloEdge. High quality and durable.,Sports,Cycling,VeloEdge,159.74,90.63,4637,True,2021-12-11 09:12:31,
98,FWA-00002-42,Fiorelux Linen Shirt,Premium women's apparel product by Fiorelux. High quality and durable.,Fashion,Women's Apparel,Fiorelux,161.39,85.73,620,True,2024-08-19 14:11:22,
99,FMA-00005-42,DapperCo Linen Shirt,Premium men's apparel product by DapperCo. High quality and durable.,Fashion,Men's Apparel,DapperCo,97.74,31.85,511,True,2021-07-06 14:17:51,
100,HD-00005-32,Serein Lab Coffee Maker,Premium decor product by Serein Lab. High quality and durable.,Home,Decor,Serein Lab,269.94,127.44,1643,True,2025-03-09 18:27:05,
101,SF-00003-79,IronPath Pull-Up Bar,Premium fitness product by IronPath. High quality and durable.,Sports,Fitness,IronPath,310.95,117.05,870,True,2023-03-16 16:09:39,
102,SF-00004-19,IronPath Kettlebell,Premium fitness product by IronPath. High quality and durable.,Sports,Fitness,IronPath,42.11,23.36,3652,False,2022-04-08 11:22:44,
103,FF-00004-14,StepUp Leather Belt,Premium footwear product by StepUp. High quality and durable.,Fashion,Footwear,StepUp,339.01,133.32,2701,True,2021-01-12 12:10:18,
104,TBG-00007-72,GameCraft Building Blocks,Premium board games product by GameCraft. High quality and durable.,Toys,Board Games,GameCraft,100.85,44.51,574,True,2024-04-09 08:43:16,
105,FA-00003-25,CharmWear Linen Shirt,Premium accessories product by CharmWear. High quality and durable.,Fashion,Accessories,CharmWear,292.28,183.34,2940,True,2024-05-29 16:00:16,
106,SC-00008-92,VeloEdge Kettlebell,Premium cycling product by VeloEdge. High quality and durable.,Sports,Cycling,VeloEdge,49.91,24.31,2785,True,2023-06-20 20:53:07,
107,FWA-00003-32,Fiorelux Wool Coat,Premium women's apparel product by Fiorelux. High quality and durable.,Fashion,Women's Apparel,Fiorelux,286.15,182.74,1564,True,2021-11-28 17:12:01,
108,FMA-00006-72,DapperCo Casual Sneakers,Premium men's apparel product by DapperCo. High quality and durable.,Fashion,Men's Apparel,DapperCo,60.73,31.67,1552,True,2021-03-20 19:19:19,
109,FWA-00004-72,Fiorelux Baseball Cap,Premium women's apparel product by Fiorelux. High quality and durable.,Fashion,Women's Apparel,Fiorelux,206.61,119.31,2520,True,2024-10-27 22:46:42,
110,SF-00005-53,IronPath Resistance Band Set,Premium fitness product by IronPath. High quality and durable.,Sports,Fitness,IronPath,36.58,21.06,350,True,2024-11-25 02:34:16,
111,FWA-00005-84,Fiorelux Running Shoes,Premium women's apparel product by Fiorelux. High quality and durable.,Fashion,Women's Apparel,Fiorelux,131.83,42.87,1159,True,2025-01-04 00:40:56,
112,TL-00008-41,BrightMind Science Kit,Premium learning toys product by BrightMind. High quality and durable.,Toys,Learning Toys,BrightMind,143.25,49.52,1411,True,2021-10-30 06:38:06,
113,BH-00009-31,GlossGlow Hair Mask,Premium haircare product by GlossGlow. High quality and durable.,Beauty,Haircare,GlossGlow,126.62,40.82,871,True,2022-11-17 07:04:47,
114,SF-00006-64,IronPath Pull-Up Bar,Premium fitness product by IronPath. High quality and durable.,Sports,Fitness,IronPath,144.88,85.85,3293,True,2022-03-03 16:01:21,
115,HK-00003-15,ChefMate Desk Lamp,Premium kitchen product by ChefMate. High quality and durable.,Home,Kitchen,ChefMate,359.92,150.24,989,True,2024-07-13 20:09:01,
116,EL-00008-80,Voltix Smart Speaker,Premium laptops product by Voltix. High quality and durable.,Electronics,Laptops,Voltix,218.88,84.33,4767,False,2024-03-14 14:21:50,
117,FDS-00008-12,PureBoost Whey Protein,Premium supplements product by PureBoost. High quality and durable.,Food & Drink,Supplements,PureBoost,70.97,23.3,59,True,2023-06-01 12:33:27,
118,BH-00010-70,GlossGlow Lip Palette,Premium haircare product by GlossGlow. High quality and durable.,Beauty,Haircare,GlossGlow,106.31,39.56,2219,True,2023-01-14 08:03:10,
119,ESH-00003-86,NexLink Portable Charger,Premium smart home product by NexLink. High quality and durable.,Electronics,Smart Home,NexLink,236.5,112.33,721,True,2023-07-25 19:04:56,
120,HD-00006-10,Serein Lab Storage Basket,Premium decor product by Serein Lab. High quality and durable.,Home,Decor,Serein Lab,339.05,124.49,4343,True,2024-01-30 09:19:01,
121,FDSN-00004-74,MunchCo Collagen Powder,Premium snacks product by MunchCo. High quality and durable.,Food & Drink,Snacks,MunchCo,21.45,12.22,1704,True,2021-12-17 01:57:50,
122,FDS-00009-97,PureBoost Energy Gummies,Premium supplements product by PureBoost. High quality and durable.,Food & Drink,Supplements,PureBoost,68.28,42.27,4075,True,2021-05-14 22:55:56,
123,SC-00009-56,VeloEdge Water Bottle,Premium cycling product by VeloEdge. High quality and durable.,Sports,Cycling,VeloEdge,124.75,56.4,2738,True,2024-11-08 21:08:11,
124,SF-00007-16,IronPath Pro Bar,Premium fitness product by IronPath. High quality and durable.,Sports,Fitness,IronPath,371.07,134.16,238,True,2021-08-09 03:40:00,
125,EC-00006-85,OpticPro Smart Speaker,Premium cameras product by OpticPro. High quality and durable.,Electronics,Cameras,OpticPro,706.22,315.45,2668,True,2023-10-11 06:10:52,
126,ESH-00004-40,NexLink Smart Speaker,Premium smart home product by NexLink. High quality and durable.,Electronics,Smart Home,NexLink,891.85,539.09,3076,True,2025-01-03 07:34:44,
127,TO-00004-16,PlayZone Remote Car,Premium outdoor play product by PlayZone. High quality and durable.,Toys,Outdoor Play,PlayZone,179.19,62.85,4992,True,2024-03-06 09:03:58,
128,EC-00007-34,OpticPro Smart Speaker,Premium cameras product by OpticPro. High quality and durable.,Electronics,Cameras,OpticPro,767.62,492.39,1656,True,2021-07-05 07:57:17,
129,HK-00004-24,ChefMate Coffee Maker,Premium kitchen product by ChefMate. High quality and durable.,Home,Kitchen,ChefMate,512.47,235.99,1402,True,2023-07-07 00:50:15,
130,TL-00009-91,BrightMind Magnetic Tiles,Premium learning toys product by BrightMind. High quality and durable.,Toys,Learning Toys,BrightMind,191.02,117.85,4735,True,2022-12-15 15:50:41,
131,SO-00005-76,TrailForce Kettlebell,Premium outdoor product by TrailForce. High quality and durable.,Sports,Outdoor,TrailForce,203.35,131.87,4846,True,2023-05-18 08:29:22,
132,SC-00010-64,VeloEdge Resistance Band Set,Premium cycling product by VeloEdge. High quality and durable.,Sports,Cycling,VeloEdge,298.43,115.29,2681,True,2022-04-08 19:59:09,
133,TL-00010-63,BrightMind Plush Bear,Premium learning toys product by BrightMind. High quality and durable.,Toys,Learning Toys,BrightMind,196.23,61.62,3855,True,2021-04-15 10:55:48,
134,BH-00011-60,GlossGlow Moisturiser SPF30,Premium haircare product by GlossGlow. High quality and durable.,Beauty,Haircare,GlossGlow,76.06,44.06,802,True,2021-09-16 03:45:10,
135,TL-00011-98,BrightMind Puzzle Set,Premium learning toys product by BrightMind. High quality and durable.,Toys,Learning Toys,BrightMind,149.04,94.26,1087,True,2021-10-09 21:16:57,
136,SO-00006-95,TrailForce Pro Bar,Premium outdoor product by TrailForce. High quality and durable.,Sports,Outdoor,TrailForce,132.36,72.29,4672,True,2024-11-14 03:23:16,
137,BS-00007-61,Velvet Hue Vitamin C Serum,Premium skincare product by Velvet Hue. High quality and durable.,Beauty,Skincare,Velvet Hue,34.26,20.73,3803,True,2021-08-08 15:40:09,
138,BH-00012-52,GlossGlow Hair Mask,Premium haircare product by GlossGlow. High quality and durable.,Beauty,Haircare,GlossGlow,83.39,33.67,2210,True,2022-10-06 13:57:25,
139,FDSN-00005-20,MunchCo Energy Gummies,Premium snacks product by MunchCo. High quality and durable.,Food & Drink,Snacks,MunchCo,51.53,21.51,449,True,2024-02-05 21:06:01,
140,SF-00008-59,IronPath Pull-Up Bar,Premium fitness product by IronPath. High quality and durable.,Sports,Fitness,IronPath,155.75,80.48,2994,True,2021-07-28 04:19:23,
141,TBG-00008-36,GameCraft Remote Car,Premium board games product by GameCraft. High quality and durable.,Toys,Board Games,GameCraft,36.3,15.15,4420,True,2022-10-14 19:22:20,
142,FDSN-00006-38,MunchCo Cold Brew Blend,Premium snacks product by MunchCo. High quality and durable.,Food & Drink,Snacks,MunchCo,29.03,17.83,4125,True,2021-06-19 04:49:54,
143,SO-00007-54,TrailForce Jump Rope,Premium outdoor product by TrailForce. High quality and durable.,Sports,Outdoor,TrailForce,189.18,89.96,1005,True,2023-06-28 00:48:35,
144,BH-00013-57,GlossGlow Lip Palette,Premium haircare product by GlossGlow. High quality and durable.,Beauty,Haircare,GlossGlow,121.59,76.71,537,True,2021-09-29 06:12:44,
145,SO-00008-32,TrailForce Pro Bar,Premium outdoor product by TrailForce. High quality and durable.,Sports,Outdoor,TrailForce,126.02,80.0,895,True,2022-04-05 16:15:11,
146,BS-00008-36,Velvet Hue Dry Shampoo,Premium skincare product by Velvet Hue. High quality and durable.,Beauty,Skincare,Velvet Hue,81.94,42.57,2401,True,2022-02-15 04:40:26,
147,BM-00003-63,Lumiere Co Vitamin C Serum,Premium makeup product by Lumiere Co. High quality and durable.,Beauty,Makeup,Lumiere Co,71.03,37.34,2388,True,2022-12-23 19:38:09,
148,FDSN-00007-92,MunchCo Energy Gummies,Premium snacks product by MunchCo. High quality and durable.,Food & Drink,Snacks,MunchCo,30.19,15.17,2673,True,2024-10-15 08:42:59,
149,BM-00004-82,Lumiere Co Moisturiser SPF30,Premium makeup product by Lumiere Co. High quality and durable.,Beauty,Makeup,Lumiere Co,26.74,15.41,1406,True,2025-02-13 11:47:01,
150,HD-00007-16,Serein Lab Coffee Maker,Premium decor product by Serein Lab. High quality and durable.,Home,Decor,Serein Lab,97.52,38.96,1362,True,2023-06-06 05:31:37,
151,EH-00005-98,Auraloop Smart Speaker,Premium headphones product by Auraloop. High quality and durable.,Electronics,Headphones,Auraloop,1088.04,628.95,1320,True,2023-09-11 17:20:01,
152,TL-00012-66,BrightMind Card Game,Premium learning toys product by BrightMind. High quality and durable.,Toys,Learning Toys,BrightMind,59.48,21.68,4607,True,2023-09-12 17:02:23,
153,HK-00005-57,ChefMate Air Fryer,Premium kitchen product by ChefMate. High quality and durable.,Home,Kitchen,ChefMate,274.57,176.11,4371,True,2024-06-10 22:21:13,
154,BS-00009-68,Velvet Hue Foundation Kit,Premium skincare product by Velvet Hue. High quality and durable.,Beauty,Skincare,Velvet Hue,139.75,49.56,4474,True,2023-07-08 06:19:03,
155,BM-00005-83,Lumiere Co Vitamin C Serum,Premium makeup product by Lumiere Co. High quality and durable.,Beauty,Makeup,Lumiere Co,102.7,59.55,3621,True,2025-01-28 03:25:45,
156,SF-00009-96,IronPath Resistance Band Set,Premium fitness product by IronPath. High quality and durable.,Sports,Fitness,IronPath,227.12,92.63,3290,True,2024-10-17 14:08:03,
157,HK-00006-51,ChefMate Desk Lamp,Premium kitchen product by ChefMate. High quality and durable.,Home,Kitchen,ChefMate,42.47,22.27,4779,True,2023-05-14 11:45:06,
158,ESH-00005-20,NexLink USB-C Hub,Premium smart home product by NexLink. High quality and durable.,Electronics,Smart Home,NexLink,657.63,299.82,715,True,2022-08-28 03:14:44,
159,BM-00006-87,Lumiere Co Dry Shampoo,Premium makeup product by Lumiere Co. High quality and durable.,Beauty,Makeup,Lumiere Co,93.92,59.19,2957,True,2024-08-21 15:11:07,
160,HD-00008-57,Serein Lab Desk Lamp,Premium decor product by Serein Lab. High quality and durable.,Home,Decor,Serein Lab,17.19,7.23,2523,True,2021-09-30 03:49:39,
161,EC-00008-63,OpticPro USB-C Hub,Premium cameras product by OpticPro. High quality and durable.,Electronics,Cameras,OpticPro,969.33,388.72,3472,True,2022-03-10 14:55:14,
162,FDSN-00008-86,MunchCo Granola Mix,Premium snacks product by MunchCo. High quality and durable.,Food & Drink,Snacks,MunchCo,11.46,4.27,3888,True,2023-11-09 02:29:07,
163,SC-00011-58,VeloEdge Jump Rope,Premium cycling product by VeloEdge. High quality and durable.,Sports,Cycling,VeloEdge,49.05,21.74,2239,True,2024-12-06 18:09:43,
164,FWA-00006-35,Fiorelux Baseball Cap,Premium women's apparel product by Fiorelux. High quality and durable.,Fashion,Women's Apparel,Fiorelux,109.28,47.39,4537,True,2023-07-28 06:13:21,
165,FDSN-00009-48,MunchCo Whey Protein,Premium snacks product by MunchCo. High quality and durable.,Food & Drink,Snacks,MunchCo,42.06,23.51,1839,False,2022-04-24 12:51:34,
166,HD-00009-91,Serein Lab Scented Candle,Premium decor product by Serein Lab. High quality and durable.,Home,Decor,Serein Lab,502.2,233.72,2356,True,2023-01-31 09:54:09,
167,SF-00010-45,IronPath Jump Rope,Premium fitness product by IronPath. High quality and durable.,Sports,Fitness,IronPath,204.82,131.03,4906,True,2025-02-01 19:37:33,
168,TO-00005-43,PlayZone Card Game,Premium outdoor play product by PlayZone. High quality and durable.,Toys,Outdoor Play,PlayZone,129.32,60.34,979,True,2021-02-24 12:15:20,
169,FDCT-00004-30,BrewRoots Collagen Powder,Premium coffee & tea product by BrewRoots. High quality and durable.,Food & Drink,Coffee & Tea,BrewRoots,48.62,17.07,3776,True,2024-01-16 08:35:30,
170,ESH-00006-44,NexLink 4K Webcam,Premium smart home product by NexLink. High quality and durable.,Electronics,Smart Home,NexLink,449.37,234.88,2916,False,2021-08-27 16:36:44,
171,TL-00013-90,BrightMind Magnetic Tiles,Premium learning toys product by BrightMind. High quality and durable.,Toys,Learning Toys,BrightMind,44.82,14.93,1369,True,2023-09-10 10:21:31,
172,FDSN-00010-48,MunchCo Granola Mix,Premium snacks product by MunchCo. High quality and durable.,Food & Drink,Snacks,MunchCo,25.36,13.8,2969,True,2023-12-29 11:23:08,
173,FDS-00010-11,PureBoost Collagen Powder,Premium supplements product by PureBoost. High quality and durable.,Food & Drink,Supplements,PureBoost,15.27,6.09,3972,True,2021-11-15 04:49:44,
174,EH-00006-74,Auraloop Portable Charger,Premium headphones product by Auraloop. High quality and durable.,Electronics,Headphones,Auraloop,284.81,104.23,4576,True,2021-12-21 01:58:32,
175,BM-00007-19,Lumiere Co Foundation Kit,Premium makeup product by Lumiere Co. High quality and durable.,Beauty,Makeup,Lumiere Co,24.55,8.49,142,True,2024-02-01 11:04:18,
176,EC-00009-86,OpticPro Smart Speaker,Premium cameras product by OpticPro. High quality and durable.,Electronics,Cameras,OpticPro,639.67,409.09,1410,True,2022-01-04 11:13:30,
177,EH-00007-98,Auraloop Smart Speaker,Premium headphones product by Auraloop. High quality and durable.,Electronics,Headphones,Auraloop,192.27,72.93,1026,True,2024-08-12 19:45:43,
178,FF-00005-19,StepUp Running Shoes,Premium footwear product by StepUp. High quality and durable.,Fashion,Footwear,StepUp,29.03,13.63,3532,False,2021-04-12 21:12:06,
179,FDSN-00011-75,MunchCo Cold Brew Blend,Premium snacks product by MunchCo. High quality and durable.,Food & Drink,Snacks,MunchCo,49.49,22.97,2072,False,2021-02-01 21:57:54,
180,FDS-00011-25,PureBoost Cold Brew Blend,Premium supplements product by PureBoost. High quality and durable.,Food & Drink,Supplements,PureBoost,74.01,27.52,1638,True,2021-04-01 21:43:04,
181,SF-00011-45,IronPath Water Bottle,Premium fitness product by IronPath. High quality and durable.,Sports,Fitness,IronPath,380.28,160.38,1315,True,2023-01-22 07:35:38,
182,TBG-00009-18,GameCraft Card Game,Premium board games product by GameCraft. High quality and durable.,Toys,Board Games,GameCraft,28.83,14.48,114,True,2022-08-19 02:49:05,
183,HK-00007-78,ChefMate Desk Lamp,Premium kitchen product by ChefMate. High quality and durable.,Home,Kitchen,ChefMate,12.55,6.95,1753,True,2025-01-14 21:21:13,
184,HF-00006-85,NestCraft Throw Pillow Set,Premium furniture product by NestCraft. High quality and durable.,Home,Furniture,NestCraft,119.22,63.87,879,True,2024-03-25 10:09:00,
185,BS-00010-75,Velvet Hue Vitamin C Serum,Premium skincare product by Velvet Hue. High quality and durable.,Beauty,Skincare,Velvet Hue,40.31,13.69,2574,True,2022-02-27 06:21:38,
186,BM-00008-46,Lumiere Co Lip Palette,Premium makeup product by Lumiere Co. High quality and durable.,Beauty,Makeup,Lumiere Co,87.11,27.37,2687,True,2023-06-01 03:36:07,
187,BH-00014-49,GlossGlow Foundation Kit,Premium haircare product by GlossGlow. High quality and durable.,Beauty,Haircare,GlossGlow,105.56,62.74,1850,True,2024-08-22 15:08:05,
188,ESH-00007-70,NexLink USB-C Hub,Premium smart home product by NexLink. High quality and durable.,Electronics,Smart Home,NexLink,1128.42,483.65,104,True,2021-11-23 18:11:03,
189,BM-00009-76,Lumiere Co Dry Shampoo,Premium makeup product by Lumiere Co. High quality and durable.,Beauty,Makeup,Lumiere Co,101.51,33.47,1174,True,2021-11-13 00:57:12,
190,FWA-00007-18,Fiorelux Wool Coat,Premium women's apparel product by Fiorelux. High quality and durable.,Fashion,Women's Apparel,Fiorelux,194.58,71.93,1640,True,2022-01-17 09:48:38,
191,EC-00010-73,OpticPro Portable Charger,Premium cameras product by OpticPro. High quality and durable.,Electronics,Cameras,OpticPro,352.26,193.65,4767,True,2024-05-28 11:43:26,
192,HD-00010-95,Serein Lab Coffee Maker,Premium decor product by Serein Lab. High quality and durable.,Home,Decor,Serein Lab,365.87,161.55,3969,True,2024-11-13 12:01:24,
193,SF-00012-42,IronPath Pull-Up Bar,Premium fitness product by IronPath. High quality and durable.,Sports,Fitness,IronPath,203.4,77.45,1102,False,2021-06-14 04:57:43,
194,FDS-00012-73,PureBoost Cold Brew Blend,Premium supplements product by PureBoost. High quality and durable.,Food & Drink,Supplements,PureBoost,55.86,35.76,3134,True,2022-04-20 12:52:13,
195,HF-00007-89,NestCraft Desk Lamp,Premium furniture product by NestCraft. High quality and durable.,Home,Furniture,NestCraft,66.84,21.84,4259,True,2024-12-18 21:06:23,
196,EL-00009-94,Voltix Portable Charger,Premium laptops product by Voltix. High quality and durable.,Electronics,Laptops,Voltix,610.03,290.79,4443,True,2021-02-24 21:35:58,
197,FDS-00013-65,PureBoost Herbal Tea Box,Premium supplements product by PureBoost. High quality and durable.,Food & Drink,Supplements,PureBoost,71.01,24.26,3687,True,2024-10-06 23:22:40,
198,BS-00011-14,Velvet Hue Moisturiser SPF30,Premium skincare product by Velvet Hue. High quality and durable.,Beauty,Skincare,Velvet Hue,33.12,17.58,2482,True,2025-03-07 23:22:32,
199,BS-00012-49,Velvet Hue Lip Palette,Premium skincare product by Velvet Hue. High quality and durable.,Beauty,Skincare,Velvet Hue,109.63,51.59,896,True,2024-12-30 16:11:51,
200,BH-00015-30,GlossGlow Lip Palette,Premium haircare product by GlossGlow. High quality and durable.,Beauty,Haircare,GlossGlow,79.95,34.94,4052,True,2024-01-01 23:58:23,
201,FDCT-00005-51,BrewRoots Cold Brew Blend,Premium coffee & tea product by BrewRoots. High quality and durable.,Food & Drink,Coffee & Tea,BrewRoots,9.61,4.87,1050,True,2021-03-25 13:47:50,
202,FDSN-00012-53,MunchCo Whey Protein,Premium snacks product by MunchCo. High quality and durable.,Food & Drink,Snacks,MunchCo,33.54,15.09,2927,True,2023-01-29 19:01:32,
203,EH-00008-92,Auraloop Smart Speaker,Premium headphones product by Auraloop. High quality and durable.,Electronics,Headphones,Auraloop,391.72,129.16,536,True,2023-11-15 20:51:08,
204,ESH-00008-78,NexLink USB-C Hub,Premium smart home product by NexLink. High quality and durable.,Electronics,Smart Home,NexLink,408.19,188.31,3460,True,2023-04-09 08:32:42,
205,SC-00012-70,VeloEdge Yoga Mat,Premium cycling product by VeloEdge. High quality and durable.,Sports,Cycling,VeloEdge,241.38,155.69,3094,True,2021-10-31 14:57:14,
206,FDCT-00006-22,BrewRoots Vitamin D Drops,Premium coffee & tea product by BrewRoots. High quality and durable.,Food & Drink,Coffee & Tea,BrewRoots,56.81,21.14,4069,True,2023-11-21 21:53:41,
207,EL-00010-56,Voltix Smart Doorbell,Premium laptops product by Voltix. High quality and durable.,Electronics,Laptops,Voltix,1164.08,431.43,617,True,2022-10-28 02:58:10,
208,HD-00011-16,Serein Lab Air Fryer,Premium decor product by Serein Lab. High quality and durable.,Home,Decor,Serein Lab,185.42,92.85,1850,True,2021-10-22 07:51:00,
209,TO-00006-44,PlayZone Science Kit,Premium outdoor play product by PlayZone. High quality and durable.,Toys,Outdoor Play,PlayZone,22.78,13.22,3893,True,2021-08-27 04:18:09,
210,FMA-00007-74,DapperCo Wool Coat,Premium men's apparel product by DapperCo. High quality and durable.,Fashion,Men's Apparel,DapperCo,405.98,183.31,4423,True,2024-06-03 21:44:01,
211,HF-00008-75,NestCraft Wall Clock,Premium furniture product by NestCraft. High quality and durable.,Home,Furniture,NestCraft,277.4,157.34,1479,True,2025-05-23 20:27:35,
212,FDS-00014-83,PureBoost Energy Gummies,Premium supplements product by PureBoost. High quality and durable.,Food & Drink,Supplements,PureBoost,42.44,22.55,3828,True,2024-09-09 12:50:29,
213,TBG-00010-90,GameCraft Puzzle Set,Premium board games product by GameCraft. High quality and durable.,Toys,Board Games,GameCraft,21.38,7.92,3788,True,2023-07-22 22:10:37,
214,FDCT-00007-62,BrewRoots Vitamin D Drops,Premium coffee & tea product by BrewRoots. High quality and durable.,Food & Drink,Coffee & Tea,BrewRoots,28.9,17.07,527,True,2024-07-05 09:38:05,
215,HD-00012-92,Serein Lab Air Fryer,Premium decor product by Serein Lab. High quality and durable.,Home,Decor,Serein Lab,104.74,56.6,1934,True,2022-04-11 21:59:45,
216,ESH-00009-41,NexLink USB-C Hub,Premium smart home product by NexLink. High quality and durable.,Electronics,Smart Home,NexLink,961.53,392.97,3976,True,2024-08-04 04:01:36,
217,FF-00006-35,StepUp Linen Shirt,Premium footwear product by StepUp. High quality and durable.,Fashion,Footwear,StepUp,96.49,33.55,2116,True,2022-07-01 18:24:33,
218,FF-00007-72,StepUp Linen Shirt,Premium footwear product by StepUp. High quality and durable.,Fashion,Footwear,StepUp,395.47,126.3,687,True,2021-07-17 12:59:41,
219,BM-00010-95,Lumiere Co Hair Mask,Premium makeup product by Lumiere Co. High quality and durable.,Beauty,Makeup,Lumiere Co,101.36,33.61,1151,True,2025-04-04 05:14:01,
220,SC-00013-95,VeloEdge Pro Bar,Premium cycling product by VeloEdge. High quality and durable.,Sports,Cycling,VeloEdge,334.16,211.32,4302,True,2023-01-10 16:17:49,
221,TL-00014-50,BrightMind Card Game,Premium learning toys product by BrightMind. High quality and durable.,Toys,Learning Toys,BrightMind,72.56,36.61,3194,True,2023-01-04 00:49:05,
222,BS-00013-28,Velvet Hue Foundation Kit,Premium skincare product by Velvet Hue. High quality and durable.,Beauty,Skincare,Velvet Hue,23.17,8.69,2249,True,2021-06-23 18:06:00,
223,BH-00016-57,GlossGlow Dry Shampoo,Premium haircare product by GlossGlow. High quality and durable.,Beauty,Haircare,GlossGlow,107.35,36.45,4470,True,2023-02-05 08:56:24,
224,HK-00008-56,ChefMate Storage Basket,Premium kitchen product by ChefMate. High quality and durable.,Home,Kitchen,ChefMate,290.38,124.49,2524,False,2021-04-19 03:34:44,
225,FDSN-00013-94,MunchCo Herbal Tea Box,Premium snacks product by MunchCo. High quality and durable.,Food & Drink,Snacks,MunchCo,64.92,20.72,1963,True,2023-08-19 20:43:50,
226,FMA-00008-97,DapperCo Wool Coat,Premium men's apparel product by DapperCo. High quality and durable.,Fashion,Men's Apparel,DapperCo,78.59,47.42,3624,True,2023-03-05 21:58:23,
227,HK-00009-40,ChefMate Wall Clock,Premium kitchen product by ChefMate. High quality and durable.,Home,Kitchen,ChefMate,185.48,111.44,1312,True,2023-09-13 10:58:46,
228,FDSN-00014-62,MunchCo Herbal Tea Box,Premium snacks product by MunchCo. High quality and durable.,Food & Drink,Snacks,MunchCo,64.2,25.42,656,True,2025-01-03 15:06:43,
229,FA-00004-52,CharmWear Tote Bag,Premium accessories product by CharmWear. High quality and durable.,Fashion,Accessories,CharmWear,364.35,221.11,822,True,2023-03-22 19:20:20,
230,TL-00015-55,BrightMind Remote Car,Premium learning toys product by BrightMind. High quality and durable.,Toys,Learning Toys,BrightMind,89.97,49.95,4486,True,2021-03-26 23:25:48,
231,FDS-00015-92,PureBoost Collagen Powder,Premium supplements product by PureBoost. High quality and durable.,Food & Drink,Supplements,PureBoost,53.12,27.65,1114,False,2023-08-08 07:16:32,
232,HF-00009-20,NestCraft Wall Clock,Premium furniture product by NestCraft. High quality and durable.,Home,Furniture,NestCraft,75.39,29.2,1065,True,2024-06-28 19:23:36,
233,FDCT-00008-67,BrewRoots Granola Mix,Premium coffee & tea product by BrewRoots. High quality and durable.,Food & Drink,Coffee & Tea,BrewRoots,40.88,22.78,2135,True,2023-10-15 18:10:02,
234,FDCT-00009-35,BrewRoots Vitamin D Drops,Premium coffee & tea product by BrewRoots. High quality and durable.,Food & Drink,Coffee & Tea,BrewRoots,11.33,4.86,3223,True,2022-11-29 10:58:26,
235,SF-00013-81,IronPath Resistance Band Set,Premium fitness product by IronPath. High quality and durable.,Sports,Fitness,IronPath,264.14,137.17,728,True,2023-03-25 07:58:03,
236,FWA-00008-16,Fiorelux Linen Shirt,Premium women's apparel product by Fiorelux. High quality and durable.,Fashion,Women's Apparel,Fiorelux,212.5,95.65,2131,True,2022-06-13 13:16:52,
237,TL-00016-11,BrightMind Remote Car,Premium learning toys product by BrightMind. High quality and durable.,Toys,Learning Toys,BrightMind,146.53,66.28,3716,True,2022-01-04 04:55:16,
238,EH-00009-34,Auraloop USB-C Hub,Premium headphones product by Auraloop. High quality and durable.,Electronics,Headphones,Auraloop,1136.61,664.57,2180,True,2024-04-02 01:27:59,
239,EC-00011-36,OpticPro Wireless Earbuds,Premium cameras product by OpticPro. High quality and durable.,Electronics,Cameras,OpticPro,730.1,473.34,2318,True,2024-07-23 17:01:11,
240,EC-00012-28,OpticPro Wireless Earbuds,Premium cameras product by OpticPro. High quality and durable.,Electronics,Cameras,OpticPro,58.81,37.74,1929,True,2024-02-23 10:11:14,
241,TBG-00011-92,GameCraft Card Game,Premium board games product by GameCraft. High quality and durable.,Toys,Board Games,GameCraft,97.05,29.47,1091,True,2024-05-20 03:49:40,
242,FWA-00009-59,Fiorelux Leather Belt,Premium women's apparel product by Fiorelux. High quality and durable.,Fashion,Women's Apparel,Fiorelux,360.06,200.78,2099,True,2021-07-02 12:53:25,
243,SO-00009-40,TrailForce Water Bottle,Premium outdoor product by TrailForce. High quality and durable.,Sports,Outdoor,TrailForce,196.31,83.24,4967,True,2021-05-22 09:36:40,
244,SO-00010-74,TrailForce Resistance Band Set,Premium outdoor product by TrailForce. High quality and durable.,Sports,Outdoor,TrailForce,253.57,102.92,3233,True,2021-05-08 18:30:04,
245,TL-00017-43,BrightMind Puzzle Set,Premium learning toys product by BrightMind. High quality and durable.,Toys,Learning Toys,BrightMind,42.27,19.97,2778,True,2021-10-06 12:38:17,
246,HF-00010-77,NestCraft Coffee Maker,Premium furniture product by NestCraft. High quality and durable.,Home,Furniture,NestCraft,265.43,103.82,2566,False,2025-03-31 23:50:29,
247,FDCT-00010-56,BrewRoots Vitamin D Drops,Premium coffee & tea product by BrewRoots. High quality and durable.,Food & Drink,Coffee & Tea,BrewRoots,74.47,29.72,2156,True,2023-03-31 11:13:02,
248,TO-00007-65,PlayZone Puzzle Set,Premium outdoor play product by PlayZone. High quality and durable.,Toys,Outdoor Play,PlayZone,179.61,73.72,4024,True,2024-09-29 00:00:08,
249,SF-00014-29,IronPath Pull-Up Bar,Premium fitness product by IronPath. High quality and durable.,Sports,Fitness,IronPath,36.01,13.11,3852,True,2024-12-22 07:56:56,
250,BS-00014-73,Velvet Hue Lip Palette,Premium skincare product by Velvet Hue. High quality and durable.,Beauty,Skincare,Velvet Hue,13.79,5.86,4594,True,2021-12-16 11:55:40,
251,FDSN-00015-28,MunchCo Collagen Powder,Premium snacks product by MunchCo. High quality and durable.,Food & Drink,Snacks,MunchCo,14.27,4.75,2327,True,2025-04-30 14:14:12,
252,FDCT-00011-82,BrewRoots Whey Protein,Premium coffee & tea product by BrewRoots. High quality and durable.,Food & Drink,Coffee & Tea,BrewRoots,71.82,36.27,4780,True,2022-07-16 00:11:21,
253,BS-00015-41,Velvet Hue Dry Shampoo,Premium skincare product by Velvet Hue. High quality and durable.,Beauty,Skincare,Velvet Hue,117.09,62.87,2692,False,2022-01-15 00:18:14,
254,BM-00011-85,Lumiere Co Vitamin C Serum,Premium makeup product by Lumiere Co. High quality and durable.,Beauty,Makeup,Lumiere Co,139.94,47.18,2650,True,2024-11-30 21:28:23,
255,FDSN-00016-94,MunchCo Whey Protein,Premium snacks product by MunchCo. High quality and durable.,Food & Drink,Snacks,MunchCo,40.99,21.31,2206,True,2023-10-21 11:51:05,
256,SC-00014-89,VeloEdge Water Bottle,Premium cycling product by VeloEdge. High quality and durable.,Sports,Cycling,VeloEdge,381.09,157.66,4662,True,2021-06-01 06:00:41,
257,FDSN-00017-46,MunchCo Granola Mix,Premium snacks product by MunchCo. High quality and durable.,Food & Drink,Snacks,MunchCo,29.24,9.34,579,True,2024-03-30 22:34:09,
258,SO-00011-42,TrailForce Water Bottle,Premium outdoor product by TrailForce. High quality and durable.,Sports,Outdoor,TrailForce,83.53,53.27,3267,True,2022-10-09 22:12:46,
259,EC-00013-61,OpticPro USB-C Hub,Premium cameras product by OpticPro. High quality and durable.,Electronics,Cameras,OpticPro,359.8,202.71,1262,True,2024-09-05 06:58:49,
260,FMA-00009-97,DapperCo Leather Belt,Premium men's apparel product by DapperCo. High quality and durable.,Fashion,Men's Apparel,DapperCo,309.69,131.82,787,True,2022-09-13 23:28:53,
261,BM-00012-59,Lumiere Co Lip Palette,Premium makeup product by Lumiere Co. High quality and durable.,Beauty,Makeup,Lumiere Co,75.65,37.6,3465,True,2024-02-19 01:40:07,
262,TL-00018-65,BrightMind Remote Car,Premium learning toys product by BrightMind. High quality and durable.,Toys,Learning Toys,BrightMind,129.83,43.17,4205,True,2022-11-28 15:48:58,
263,FWA-00010-73,Fiorelux Wool Coat,Premium women's apparel product by Fiorelux. High quality and durable.,Fashion,Women's Apparel,Fiorelux,273.09,143.79,687,True,2021-09-04 00:19:19,
264,FDCT-00012-48,BrewRoots Granola Mix,Premium coffee & tea product by BrewRoots. High quality and durable.,Food & Drink,Coffee & Tea,BrewRoots,16.15,5.57,2460,True,2024-08-21 21:59:42,
265,HF-00011-16,NestCraft Scented Candle,Premium furniture product by NestCraft. High quality and durable.,Home,Furniture,NestCraft,335.09,208.11,4205,True,2024-07-07 04:57:32,
266,SO-00012-94,TrailForce Pro Bar,Premium outdoor product by TrailForce. High quality and durable.,Sports,Outdoor,TrailForce,292.32,170.86,2911,True,2025-04-14 03:32:52,
267,SF-00015-94,IronPath Kettlebell,Premium fitness product by IronPath. High quality and durable.,Sports,Fitness,IronPath,193.21,111.13,3219,False,2023-07-14 18:12:26,
268,HF-00012-68,NestCraft Desk Lamp,Premium furniture product by NestCraft. High quality and durable.,Home,Furniture,NestCraft,456.84,209.0,2171,True,2022-08-05 14:01:39,
269,EH-00010-20,Auraloop Smart Speaker,Premium headphones product by Auraloop. High quality and durable.,Electronics,Headphones,Auraloop,902.76,461.69,871,True,2021-01-19 03:59:21,
270,BS-00016-11,Velvet Hue Dry Shampoo,Premium skincare product by Velvet Hue. High quality and durable.,Beauty,Skincare,Velvet Hue,32.39,15.13,3318,True,2025-02-21 04:39:34,
271,HF-00013-88,NestCraft Air Fryer,Premium furniture product by NestCraft. High quality and durable.,Home,Furniture,NestCraft,222.83,119.4,3235,True,2022-01-24 15:20:55,
272,ESH-00010-34,NexLink Wireless Earbuds,Premium smart home product by NexLink. High quality and durable.,Electronics,Smart Home,NexLink,156.5,47.82,1541,True,2025-02-03 18:41:53,
273,FWA-00011-93,Fiorelux Linen Shirt,Premium women's apparel product by Fiorelux. High quality and durable.,Fashion,Women's Apparel,Fiorelux,136.05,80.91,4412,True,2024-12-10 19:30:51,
274,EC-00014-64,OpticPro USB-C Hub,Premium cameras product by OpticPro. High quality and durable.,Electronics,Cameras,OpticPro,50.63,18.13,1248,True,2025-02-15 23:42:49,
275,BS-00017-67,Velvet Hue Lip Palette,Premium skincare product by Velvet Hue. High quality and durable.,Beauty,Skincare,Velvet Hue,91.1,33.75,4664,True,2021-06-08 05:01:59,
276,HK-00010-23,ChefMate Wall Clock,Premium kitchen product by ChefMate. High quality and durable.,Home,Kitchen,ChefMate,381.94,209.91,3405,True,2023-06-23 09:43:15,
277,SO-00013-61,TrailForce Pro Bar,Premium outdoor product by TrailForce. High quality and durable.,Sports,Outdoor,TrailForce,202.15,102.46,3996,True,2021-03-01 02:12:31,
278,BH-00017-50,GlossGlow Vitamin C Serum,Premium haircare product by GlossGlow. High quality and durable.,Beauty,Haircare,GlossGlow,86.56,34.08,3417,True,2025-03-18 06:07:37,
279,TBG-00012-54,GameCraft Puzzle Set,Premium board games product by GameCraft. High quality and durable.,Toys,Board Games,GameCraft,95.18,43.09,1321,True,2024-12-28 21:06:10,
280,HD-00013-39,Serein Lab Desk Lamp,Premium decor product by Serein Lab. High quality and durable.,Home,Decor,Serein Lab,309.51,156.51,2778,True,2024-12-26 11:27:09,
281,EL-00011-59,Voltix Portable Charger,Premium laptops product by Voltix. High quality and durable.,Electronics,Laptops,Voltix,1152.77,681.95,2951,True,2022-05-19 09:30:56,
282,TL-00019-46,BrightMind Puzzle Set,Premium learning toys product by BrightMind. High quality and durable.,Toys,Learning Toys,BrightMind,141.23,46.63,3955,True,2022-05-01 15:37:25,
283,TO-00008-22,PlayZone Puzzle Set,Premium outdoor play product by PlayZone. High quality and durable.,Toys,Outdoor Play,PlayZone,160.76,101.29,4044,True,2021-05-27 04:15:09,
284,SO-00014-43,TrailForce Pro Bar,Premium outdoor product by TrailForce. High quality and durable.,Sports,Outdoor,TrailForce,152.46,54.2,4124,False,2023-11-16 07:19:43,
285,BS-00018-89,Velvet Hue Foundation Kit,Premium skincare product by Velvet Hue. High quality and durable.,Beauty,Skincare,Velvet Hue,40.19,19.96,3984,True,2024-01-09 16:41:12,
286,FDS-00016-81,PureBoost Whey Protein,Premium supplements product by PureBoost. High quality and durable.,Food & Drink,Supplements,PureBoost,25.06,8.84,4222,True,2021-06-06 15:44:23,
287,BM-00013-24,Lumiere Co Vitamin C Serum,Premium makeup product by Lumiere Co. High quality and durable.,Beauty,Makeup,Lumiere Co,146.4,83.97,4994,True,2021-05-11 09:28:05,
288,TL-00020-31,BrightMind Science Kit,Premium learning toys product by BrightMind. High quality and durable.,Toys,Learning Toys,BrightMind,129.69,78.44,2962,True,2024-10-03 17:57:40,
289,FDSN-00018-73,MunchCo Collagen Powder,Premium snacks product by MunchCo. High quality and durable.,Food & Drink,Snacks,MunchCo,59.94,20.07,2979,True,2022-01-18 02:18:42,
290,FDS-00017-66,PureBoost Vitamin D Drops,Premium supplements product by PureBoost. High quality and durable.,Food & Drink,Supplements,PureBoost,77.72,44.24,53,True,2025-01-11 14:53:52,
291,HD-00014-74,Serein Lab Wall Clock,Premium decor product by Serein Lab. High quality and durable.,Home,Decor,Serein Lab,111.04,43.65,3399,True,2023-02-02 14:10:26,
292,EC-00015-39,OpticPro Portable Charger,Premium cameras product by OpticPro. High quality and durable.,Electronics,Cameras,OpticPro,187.14,84.23,3353,True,2025-05-23 15:19:40,
293,FDSN-00019-56,MunchCo Granola Mix,Premium snacks product by MunchCo. High quality and durable.,Food & Drink,Snacks,MunchCo,75.78,34.47,81,True,2021-08-05 04:20:58,
294,SO-00015-50,TrailForce Water Bottle,Premium outdoor product by TrailForce. High quality and durable.,Sports,Outdoor,TrailForce,169.64,96.75,3555,True,2021-04-26 05:54:32,
295,FWA-00012-83,Fiorelux Wool Coat,Premium women's apparel product by Fiorelux. High quality and durable.,Fashion,Women's Apparel,Fiorelux,47.75,24.88,4258,True,2024-06-02 23:30:08,
296,FMA-00010-50,DapperCo Leather Belt,Premium men's apparel product by DapperCo. High quality and durable.,Fashion,Men's Apparel,DapperCo,456.43,138.19,2291,True,2022-04-02 06:48:37,
297,FA-00005-67,CharmWear Baseball Cap,Premium accessories product by CharmWear. High quality and durable.,Fashion,Accessories,CharmWear,329.06,200.94,3622,True,2024-06-10 18:07:53,
298,FDS-00018-48,PureBoost Energy Gummies,Premium supplements product by PureBoost. High quality and durable.,Food & Drink,Supplements,PureBoost,11.32,5.53,3194,True,2022-01-27 11:39:42,
299,TBG-00013-46,GameCraft Magnetic Tiles,Premium board games product by GameCraft. High quality and durable.,Toys,Board Games,GameCraft,50.61,24.25,2557,True,2022-05-13 04:30:12,
300,SF-00016-79,IronPath Jump Rope,Premium fitness product by IronPath. High quality and durable.,Sports,Fitness,IronPath,243.11,93.47,2489,True,2021-12-10 03:08:42,
301,FF-00008-57,StepUp Tote Bag,Premium footwear product by StepUp. High quality and durable.,Fashion,Footwear,StepUp,144.68,69.1,1014,False,2022-01-23 14:01:11,
302,BM-00014-83,Lumiere Co Hair Mask,Premium makeup product by Lumiere Co. High quality and durable.,Beauty,Makeup,Lumiere Co,112.63,51.65,1934,True,2022-12-28 12:13:02,
303,HD-00015-46,Serein Lab Wall Clock,Premium decor product by Serein Lab. High quality and durable.,Home,Decor,Serein Lab,403.48,236.15,4692,True,2024-03-19 08:47:51,
304,TBG-00014-41,GameCraft Science Kit,Premium board games product by GameCraft. High quality and durable.,Toys,Board Games,GameCraft,29.99,14.42,1577,True,2024-11-12 11:46:43,
305,SF-00017-64,IronPath Resistance Band Set,Premium fitness product by IronPath. High quality and durable.,Sports,Fitness,IronPath,333.95,109.76,509,True,2025-01-19 16:00:11,
306,EC-00016-19,OpticPro Portable Charger,Premium cameras product by OpticPro. High quality and durable.,Electronics,Cameras,OpticPro,458.92,222.2,4818,True,2024-05-11 13:06:53,
307,FDCT-00013-84,BrewRoots Herbal Tea Box,Premium coffee & tea product by BrewRoots. High quality and durable.,Food & Drink,Coffee & Tea,BrewRoots,42.41,19.01,3605,True,2024-07-19 07:59:00,
308,FDS-00019-28,PureBoost Energy Gummies,Premium supplements product by PureBoost. High quality and durable.,Food & Drink,Supplements,PureBoost,42.93,20.16,3749,True,2025-05-14 09:52:59,
309,FDSN-00020-25,MunchCo Granola Mix,Premium snacks product by MunchCo. High quality and durable.,Food & Drink,Snacks,MunchCo,57.09,26.23,267,True,2024-02-22 11:23:39,
310,SC-00015-62,VeloEdge Resistance Band Set,Premium cycling product by VeloEdge. High quality and durable.,Sports,Cycling,VeloEdge,57.48,24.68,2372,False,2022-01-01 19:29:45,
311,HD-00016-57,Serein Lab Storage Basket,Premium decor product by Serein Lab. High quality and durable.,Home,Decor,Serein Lab,188.92,88.81,1170,True,2024-08-03 08:28:45,
312,SO-00016-46,TrailForce Jump Rope,Premium outdoor product by TrailForce. High quality and durable.,Sports,Outdoor,TrailForce,98.0,57.5,4004,False,2023-12-20 05:08:58,
313,SF-00018-63,IronPath Water Bottle,Premium fitness product by IronPath. High quality and durable.,Sports,Fitness,IronPath,200.25,81.78,3705,True,2024-03-18 05:56:49,
314,BH-00018-87,GlossGlow Dry Shampoo,Premium haircare product by GlossGlow. High quality and durable.,Beauty,Haircare,GlossGlow,26.86,9.36,3775,True,2024-10-27 05:26:22,
315,EL-00012-21,Voltix USB-C Hub,Premium laptops product by Voltix. High quality and durable.,Electronics,Laptops,Voltix,964.78,513.82,3355,True,2023-11-20 05:30:50,
316,TL-00021-95,BrightMind Card Game,Premium learning toys product by BrightMind. High quality and durable.,Toys,Learning Toys,BrightMind,179.11,99.87,725,True,2021-03-19 01:31:36,
317,TBG-00015-49,GameCraft Plush Bear,Premium board games product by GameCraft. High quality and durable.,Toys,Board Games,GameCraft,116.6,40.03,4582,True,2021-06-14 06:35:58,
318,TBG-00016-34,GameCraft Plush Bear,Premium board games product by GameCraft. High quality and durable.,Toys,Board Games,GameCraft,152.61,72.63,152,True,2022-07-13 10:38:20,
319,SO-00017-36,TrailForce Water Bottle,Premium outdoor product by TrailForce. High quality and durable.,Sports,Outdoor,TrailForce,109.44,59.86,4747,True,2023-09-23 13:04:44,
320,BH-00019-15,GlossGlow Lip Palette,Premium haircare product by GlossGlow. High quality and durable.,Beauty,Haircare,GlossGlow,77.79,48.76,2784,True,2021-03-16 17:48:55,
321,FDSN-00021-50,MunchCo Cold Brew Blend,Premium snacks product by MunchCo. High quality and durable.,Food & Drink,Snacks,MunchCo,33.65,11.17,813,True,2022-03-24 11:58:20,
322,EL-00013-21,Voltix 4K Webcam,Premium laptops product by Voltix. High quality and durable.,Electronics,Laptops,Voltix,206.22,130.59,1386,True,2022-07-18 18:28:38,
323,SC-00016-17,VeloEdge Yoga Mat,Premium cycling product by VeloEdge. High quality and durable.,Sports,Cycling,VeloEdge,129.74,43.41,1167,True,2023-03-13 08:58:29,
324,BS-00019-16,Velvet Hue Hair Mask,Premium skincare product by Velvet Hue. High quality and durable.,Beauty,Skincare,Velvet Hue,36.76,20.7,4800,True,2025-04-17 04:22:29,
325,BS-00020-44,Velvet Hue Vitamin C Serum,Premium skincare product by Velvet Hue. High quality and durable.,Beauty,Skincare,Velvet Hue,16.61,7.69,3334,True,2024-06-20 00:56:20,
326,FWA-00013-12,Fiorelux Leather Belt,Premium women's apparel product by Fiorelux. High quality and durable.,Fashion,Women's Apparel,Fiorelux,149.2,95.07,831,True,2022-01-26 03:16:41,
327,HF-00014-62,NestCraft Coffee Maker,Premium furniture product by NestCraft. High quality and durable.,Home,Furniture,NestCraft,273.13,162.84,4099,True,2024-03-05 19:39:17,
328,TL-00022-41,BrightMind Building Blocks,Premium learning toys product by BrightMind. High quality and durable.,Toys,Learning Toys,BrightMind,112.13,50.27,4547,True,2024-12-14 14:58:04,
329,FDSN-00022-47,MunchCo Herbal Tea Box,Premium snacks product by MunchCo. High quality and durable.,Food & Drink,Snacks,MunchCo,53.98,19.36,492,True,2023-04-30 02:56:38,
330,TO-00009-97,PlayZone Plush Bear,Premium outdoor play product by PlayZone. High quality and durable.,Toys,Outdoor Play,PlayZone,82.23,34.78,1742,True,2023-05-25 00:05:24,
331,SF-00019-78,IronPath Water Bottle,Premium fitness product by IronPath. High quality and durable.,Sports,Fitness,IronPath,231.79,93.93,3238,True,2022-03-10 21:04:43,
332,FMA-00011-65,DapperCo Linen Shirt,Premium men's apparel product by DapperCo. High quality and durable.,Fashion,Men's Apparel,DapperCo,121.21,57.78,2607,True,2023-03-24 00:27:12,
333,FDSN-00023-67,MunchCo Herbal Tea Box,Premium snacks product by MunchCo. High quality and durable.,Food & Drink,Snacks,MunchCo,25.48,13.55,2634,True,2023-10-18 11:32:51,
334,SC-00017-27,VeloEdge Pro Bar,Premium cycling product by VeloEdge. High quality and durable.,Sports,Cycling,VeloEdge,263.88,79.35,3903,False,2022-06-24 03:47:01,
335,BH-00020-99,GlossGlow Dry Shampoo,Premium haircare product by GlossGlow. High quality and durable.,Beauty,Haircare,GlossGlow,107.87,61.15,4408,True,2021-08-29 20:32:32,
336,TL-00023-95,BrightMind Science Kit,Premium learning toys product by BrightMind. High quality and durable.,Toys,Learning Toys,BrightMind,94.58,32.46,3083,True,2024-04-16 14:14:50,
337,ESH-00011-25,NexLink LED Strip,Premium smart home product by NexLink. High quality and durable.,Electronics,Smart Home,NexLink,568.66,356.94,3641,False,2021-03-03 11:01:40,
338,FDCT-00014-97,BrewRoots Energy Gummies,Premium coffee & tea product by BrewRoots. High quality and durable.,Food & Drink,Coffee & Tea,BrewRoots,74.1,31.51,737,True,2023-07-31 22:37:47,
339,FDSN-00024-38,MunchCo Herbal Tea Box,Premium snacks product by MunchCo. High quality and durable.,Food & Drink,Snacks,MunchCo,22.57,10.67,2973,False,2022-10-12 14:36:22,
340,SF-00020-91,IronPath Resistance Band Set,Premium fitness product by IronPath. High quality and durable.,Sports,Fitness,IronPath,167.49,101.24,4662,True,2022-08-26 00:33:26,
341,FWA-00014-18,Fiorelux Leather Belt,Premium women's apparel product by Fiorelux. High quality and durable.,Fashion,Women's Apparel,Fiorelux,302.32,169.63,1043,True,2022-12-10 06:18:54,
342,TBG-00017-45,GameCraft Card Game,Premium board games product by GameCraft. High quality and durable.,Toys,Board Games,GameCraft,46.45,24.96,4365,True,2024-11-11 07:11:06,
343,SO-00018-92,TrailForce Kettlebell,Premium outdoor product by TrailForce. High quality and durable.,Sports,Outdoor,TrailForce,274.14,144.61,2646,True,2023-05-02 09:34:31,
344,SC-00018-76,VeloEdge Resistance Band Set,Premium cycling product by VeloEdge. High quality and durable.,Sports,Cycling,VeloEdge,194.64,83.02,356,True,2021-05-26 21:56:16,
345,HD-00017-78,Serein Lab Storage Basket,Premium decor product by Serein Lab. High quality and durable.,Home,Decor,Serein Lab,274.83,82.95,1594,True,2021-03-20 19:52:07,
346,FWA-00015-98,Fiorelux Linen Shirt,Premium women's apparel product by Fiorelux. High quality and durable.,Fashion,Women's Apparel,Fiorelux,223.43,72.85,2047,True,2023-08-24 15:21:53,
347,SC-00019-90,VeloEdge Pull-Up Bar,Premium cycling product by VeloEdge. High quality and durable.,Sports,Cycling,VeloEdge,52.24,24.45,196,True,2023-11-05 15:24:12,
348,FDCT-00015-41,BrewRoots Vitamin D Drops,Premium coffee & tea product by BrewRoots. High quality and durable.,Food & Drink,Coffee & Tea,BrewRoots,13.09,5.02,2791,True,2023-11-03 10:09:28,
349,TL-00024-19,BrightMind Plush Bear,Premium learning toys product by BrightMind. High quality and durable.,Toys,Learning Toys,BrightMind,157.39,81.35,783,True,2022-01-23 19:43:44,
350,SF-00021-14,IronPath Pro Bar,Premium fitness product by IronPath. High quality and durable.,Sports,Fitness,IronPath,160.3,98.03,532,True,2024-10-04 23:49:29,
351,SO-00019-88,TrailForce Yoga Mat,Premium outdoor product by TrailForce. High quality and durable.,Sports,Outdoor,TrailForce,256.08,82.72,457,True,2024-03-31 03:22:57,
352,BS-00021-89,Velvet Hue Hair Mask,Premium skincare product by Velvet Hue. High quality and durable.,Beauty,Skincare,Velvet Hue,114.78,43.8,4911,True,2021-02-02 22:52:53,
353,BM-00015-69,Lumiere Co Dry Shampoo,Premium makeup product by Lumiere Co. High quality and durable.,Beauty,Makeup,Lumiere Co,120.91,73.51,829,True,2021-03-22 16:37:07,
354,BH-00021-52,GlossGlow Vitamin C Serum,Premium haircare product by GlossGlow. High quality and durable.,Beauty,Haircare,GlossGlow,91.47,30.9,100,True,2022-08-25 12:56:47,
355,TL-00025-91,BrightMind Remote Car,Premium learning toys product by BrightMind. High quality and durable.,Toys,Learning Toys,BrightMind,106.69,45.28,3943,True,2022-08-01 15:27:15,
356,EH-00011-15,Auraloop LED Strip,Premium headphones product by Auraloop. High quality and durable.,Electronics,Headphones,Auraloop,96.08,39.3,3570,True,2024-01-17 11:17:57,
357,HF-00015-79,NestCraft Throw Pillow Set,Premium furniture product by NestCraft. High quality and durable.,Home,Furniture,NestCraft,467.54,164.38,2528,True,2024-02-20 21:57:26,
358,SC-00020-85,VeloEdge Water Bottle,Premium cycling product by VeloEdge. High quality and durable.,Sports,Cycling,VeloEdge,268.21,94.04,1944,True,2021-06-19 15:48:52,
359,BM-00016-35,Lumiere Co Foundation Kit,Premium makeup product by Lumiere Co. High quality and durable.,Beauty,Makeup,Lumiere Co,146.66,76.88,1648,True,2022-08-12 07:22:29,
360,FA-00006-98,CharmWear Leather Belt,Premium accessories product by CharmWear. High quality and durable.,Fashion,Accessories,CharmWear,352.08,163.22,2712,True,2023-11-09 20:39:34,
361,TO-00010-63,PlayZone Building Blocks,Premium outdoor play product by PlayZone. High quality and durable.,Toys,Outdoor Play,PlayZone,72.44,24.39,345,True,2022-11-24 21:57:21,
362,FWA-00016-69,Fiorelux Wool Coat,Premium women's apparel product by Fiorelux. High quality and durable.,Fashion,Women's Apparel,Fiorelux,319.48,122.57,2715,True,2022-09-30 21:29:50,
363,BS-00022-10,Velvet Hue Moisturiser SPF30,Premium skincare product by Velvet Hue. High quality and durable.,Beauty,Skincare,Velvet Hue,59.52,19.39,245,True,2023-06-22 18:55:58,
364,BS-00023-90,Velvet Hue Moisturiser SPF30,Premium skincare product by Velvet Hue. High quality and durable.,Beauty,Skincare,Velvet Hue,91.17,51.78,359,True,2022-09-07 14:54:02,
365,HK-00011-38,ChefMate Coffee Maker,Premium kitchen product by ChefMate. High quality and durable.,Home,Kitchen,ChefMate,532.38,293.66,2783,True,2022-07-09 17:00:50,
366,ESH-00012-32,NexLink Wireless Earbuds,Premium smart home product by NexLink. High quality and durable.,Electronics,Smart Home,NexLink,1015.39,628.25,171,True,2024-03-23 06:31:43,
367,FF-00009-53,StepUp Linen Shirt,Premium footwear product by StepUp. High quality and durable.,Fashion,Footwear,StepUp,469.33,190.91,1967,True,2022-06-17 09:30:47,
368,TBG-00018-65,GameCraft Puzzle Set,Premium board games product by GameCraft. High quality and durable.,Toys,Board Games,GameCraft,176.89,57.11,1183,True,2022-08-13 04:40:03,
369,EC-00017-98,OpticPro Portable Charger,Premium cameras product by OpticPro. High quality and durable.,Electronics,Cameras,OpticPro,464.75,236.95,2003,True,2022-08-11 12:28:45,
370,FDSN-00025-47,MunchCo Cold Brew Blend,Premium snacks product by MunchCo. High quality and durable.,Food & Drink,Snacks,MunchCo,64.22,26.63,436,True,2022-01-28 21:25:53,
371,FDSN-00026-84,MunchCo Vitamin D Drops,Premium snacks product by MunchCo. High quality and durable.,Food & Drink,Snacks,MunchCo,71.44,26.66,666,True,2021-07-21 13:17:05,
372,EC-00018-92,OpticPro 4K Webcam,Premium cameras product by OpticPro. High quality and durable.,Electronics,Cameras,OpticPro,907.59,391.17,4250,True,2024-03-07 14:25:04,
373,TBG-00019-71,GameCraft Card Game,Premium board games product by GameCraft. High quality and durable.,Toys,Board Games,GameCraft,145.97,69.07,2198,True,2021-04-24 17:25:43,
374,EH-00012-35,Auraloop USB-C Hub,Premium headphones product by Auraloop. High quality and durable.,Electronics,Headphones,Auraloop,556.19,212.48,1790,True,2022-05-04 10:22:38,
375,FDCT-00016-42,BrewRoots Granola Mix,Premium coffee & tea product by BrewRoots. High quality and durable.,Food & Drink,Coffee & Tea,BrewRoots,46.29,16.06,688,True,2023-12-29 07:19:43,
376,ESH-00013-69,NexLink USB-C Hub,Premium smart home product by NexLink. High quality and durable.,Electronics,Smart Home,NexLink,626.91,261.88,3695,True,2024-02-16 19:40:35,
377,FDCT-00017-50,BrewRoots Energy Gummies,Premium coffee & tea product by BrewRoots. High quality and durable.,Food & Drink,Coffee & Tea,BrewRoots,25.48,7.86,3618,True,2021-08-24 18:39:08,
378,HK-00012-47,ChefMate Coffee Maker,Premium kitchen product by ChefMate. High quality and durable.,Home,Kitchen,ChefMate,507.14,243.16,640,True,2021-11-02 17:54:55,
379,SF-00022-56,IronPath Yoga Mat,Premium fitness product by IronPath. High quality and durable.,Sports,Fitness,IronPath,29.74,11.01,1610,True,2023-07-30 12:06:35,
380,FMA-00012-34,DapperCo Running Shoes,Premium men's apparel product by DapperCo. High quality and durable.,Fashion,Men's Apparel,DapperCo,358.71,232.91,4449,True,2023-07-20 10:24:40,
381,HD-00018-61,Serein Lab Storage Basket,Premium decor product by Serein Lab. High quality and durable.,Home,Decor,Serein Lab,568.03,333.8,97,True,2022-04-09 19:12:30,
382,FDCT-00018-39,BrewRoots Granola Mix,Premium coffee & tea product by BrewRoots. High quality and durable.,Food & Drink,Coffee & Tea,BrewRoots,22.02,12.38,3886,True,2024-12-27 07:39:47,
383,FA-00007-53,CharmWear Tote Bag,Premium accessories product by CharmWear. High quality and durable.,Fashion,Accessories,CharmWear,400.12,163.88,1538,True,2024-07-21 17:03:53,
384,EC-00019-67,OpticPro Wireless Earbuds,Premium cameras product by OpticPro. High quality and durable.,Electronics,Cameras,OpticPro,1027.21,318.99,1138,True,2023-08-08 09:05:41,
385,FF-00010-73,StepUp Wool Coat,Premium footwear product by StepUp. High quality and durable.,Fashion,Footwear,StepUp,408.99,242.12,2783,True,2024-06-07 05:21:04,
386,FDSN-00027-78,MunchCo Collagen Powder,Premium snacks product by MunchCo. High quality and durable.,Food & Drink,Snacks,MunchCo,27.47,13.88,4649,True,2022-04-23 12:02:57,
387,HF-00016-90,NestCraft Scented Candle,Premium furniture product by NestCraft. High quality and durable.,Home,Furniture,NestCraft,481.5,298.44,4701,True,2022-09-27 10:35:59,
388,BS-00024-78,Velvet Hue Lip Palette,Premium skincare product by Velvet Hue. High quality and durable.,Beauty,Skincare,Velvet Hue,62.87,29.31,2693,True,2023-08-05 12:00:44,
389,SF-00023-23,IronPath Resistance Band Set,Premium fitness product by IronPath. High quality and durable.,Sports,Fitness,IronPath,274.83,99.54,4942,True,2022-09-11 06:25:17,
390,SO-00020-46,TrailForce Pro Bar,Premium outdoor product by TrailForce. High quality and durable.,Sports,Outdoor,TrailForce,94.27,37.89,4295,True,2024-02-20 08:42:18,
391,TL-00026-31,BrightMind Building Blocks,Premium learning toys product by BrightMind. High quality and durable.,Toys,Learning Toys,BrightMind,72.09,44.58,3203,True,2022-02-06 05:12:08,
392,TO-00011-71,PlayZone Puzzle Set,Premium outdoor play product by PlayZone. High quality and durable.,Toys,Outdoor Play,PlayZone,151.2,65.95,1691,True,2023-08-21 09:10:08,
393,BH-00022-95,GlossGlow Hair Mask,Premium haircare product by GlossGlow. High quality and durable.,Beauty,Haircare,GlossGlow,75.42,38.56,2542,True,2024-11-26 22:16:20,
394,HK-00013-10,ChefMate Coffee Maker,Premium kitchen product by ChefMate. High quality and durable.,Home,Kitchen,ChefMate,594.74,271.21,3270,True,2023-10-19 19:55:29,
395,TO-00012-68,PlayZone Remote Car,Premium outdoor play product by PlayZone. High quality and durable.,Toys,Outdoor Play,PlayZone,97.91,30.71,746,True,2023-12-14 09:55:40,
396,FMA-00013-60,DapperCo Casual Sneakers,Premium men's apparel product by DapperCo. High quality and durable.,Fashion,Men's Apparel,DapperCo,314.25,183.36,1434,True,2024-09-04 09:58:03,
397,BM-00017-94,Lumiere Co Vitamin C Serum,Premium makeup product by Lumiere Co. High quality and durable.,Beauty,Makeup,Lumiere Co,34.05,16.99,3223,True,2023-01-15 16:58:24,
398,FDS-00020-45,PureBoost Energy Gummies,Premium supplements product by PureBoost. High quality and durable.,Food & Drink,Supplements,PureBoost,71.19,34.76,546,True,2022-11-06 23:41:49,
399,BM-00018-80,Lumiere Co Eye Cream,Premium makeup product by Lumiere Co. High quality and durable.,Beauty,Makeup,Lumiere Co,25.21,10.82,861,True,2023-10-10 21:18:05,
400,BM-00019-31,Lumiere Co Dry Shampoo,Premium makeup product by Lumiere Co. High quality and durable.,Beauty,Makeup,Lumiere Co,43.89,20.94,3786,False,2024-12-06 02:03:22,
401,BM-00020-61,Lumiere Co Dry Shampoo,Premium makeup product by Lumiere Co. High quality and durable.,Beauty,Makeup,Lumiere Co,129.52,56.84,87,True,2022-03-01 00:43:44,
402,HF-00017-69,NestCraft Wall Clock,Premium furniture product by NestCraft. High quality and durable.,Home,Furniture,NestCraft,296.01,95.87,4492,True,2024-09-21 23:02:28,
403,EC-00020-45,OpticPro Wireless Earbuds,Premium cameras product by OpticPro. High quality and durable.,Electronics,Cameras,OpticPro,1013.84,364.68,147,True,2023-07-03 21:00:55,
404,SC-00021-60,VeloEdge Resistance Band Set,Premium cycling product by VeloEdge. High quality and durable.,Sports,Cycling,VeloEdge,79.85,42.72,91,True,2024-10-01 01:50:28,
405,HK-00014-37,ChefMate Wall Clock,Premium kitchen product by ChefMate. High quality and durable.,Home,Kitchen,ChefMate,431.5,264.27,4360,True,2021-05-29 08:56:48,
406,FDSN-00028-76,MunchCo Cold Brew Blend,Premium snacks product by MunchCo. High quality and durable.,Food & Drink,Snacks,MunchCo,53.08,29.23,842,True,2024-10-11 10:02:48,
407,SC-00022-10,VeloEdge Yoga Mat,Premium cycling product by VeloEdge. High quality and durable.,Sports,Cycling,VeloEdge,33.74,14.58,1652,True,2023-01-12 02:51:21,
408,ESH-00014-12,NexLink LED Strip,Premium smart home product by NexLink. High quality and durable.,Electronics,Smart Home,NexLink,520.48,336.36,2761,True,2021-07-16 06:24:26,
409,ESH-00015-95,NexLink Portable Charger,Premium smart home product by NexLink. High quality and durable.,Electronics,Smart Home,NexLink,222.26,79.67,3405,True,2023-10-14 09:26:09,
410,HF-00018-90,NestCraft Scented Candle,Premium furniture product by NestCraft. High quality and durable.,Home,Furniture,NestCraft,121.83,45.38,4437,True,2022-01-11 07:47:47,
411,EH-00013-23,Auraloop Smart Speaker,Premium headphones product by Auraloop. High quality and durable.,Electronics,Headphones,Auraloop,443.98,160.17,3294,True,2024-04-24 03:51:38,
412,EC-00021-38,OpticPro Wireless Earbuds,Premium cameras product by OpticPro. High quality and durable.,Electronics,Cameras,OpticPro,102.57,60.03,3022,False,2024-07-01 05:36:06,
413,HF-00019-73,NestCraft Desk Lamp,Premium furniture product by NestCraft. High quality and durable.,Home,Furniture,NestCraft,590.03,198.03,4392,True,2022-06-17 16:55:05,
414,HK-00015-86,ChefMate Desk Lamp,Premium kitchen product by ChefMate. High quality and durable.,Home,Kitchen,ChefMate,201.37,104.87,3183,True,2022-02-18 00:05:10,
415,HK-00016-91,ChefMate Air Fryer,Premium kitchen product by ChefMate. High quality and durable.,Home,Kitchen,ChefMate,459.41,248.39,3949,True,2024-10-26 17:16:20,
416,BH-00023-91,GlossGlow Hair Mask,Premium haircare product by GlossGlow. High quality and durable.,Beauty,Haircare,GlossGlow,113.34,53.97,108,True,2022-01-21 10:17:53,
417,HK-00017-64,ChefMate Scented Candle,Premium kitchen product by ChefMate. High quality and durable.,Home,Kitchen,ChefMate,456.77,236.11,490,True,2023-07-11 13:11:50,
418,EH-00014-58,Auraloop USB-C Hub,Premium headphones product by Auraloop. High quality and durable.,Electronics,Headphones,Auraloop,265.15,83.06,4899,True,2023-10-19 04:53:31,
419,EL-00014-50,Voltix USB-C Hub,Premium laptops product by Voltix. High quality and durable.,Electronics,Laptops,Voltix,781.23,442.31,4266,True,2023-06-16 04:46:16,
420,FDS-00021-39,PureBoost Whey Protein,Premium supplements product by PureBoost. High quality and durable.,Food & Drink,Supplements,PureBoost,68.52,28.5,1984,True,2023-02-11 13:25:36,
421,FDSN-00029-99,MunchCo Collagen Powder,Premium snacks product by MunchCo. High quality and durable.,Food & Drink,Snacks,MunchCo,58.96,30.24,3125,True,2024-10-06 08:49:07,
422,FF-00011-18,StepUp Casual Sneakers,Premium footwear product by StepUp. High quality and durable.,Fashion,Footwear,StepUp,437.54,141.98,1576,True,2022-09-27 11:44:52,
423,ESH-00016-32,NexLink Smart Speaker,Premium smart home product by NexLink. High quality and durable.,Electronics,Smart Home,NexLink,721.34,426.26,1674,True,2024-08-17 06:44:39,
424,FA-00008-49,CharmWear Casual Sneakers,Premium accessories product by CharmWear. High quality and durable.,Fashion,Accessories,CharmWear,98.8,36.47,3473,True,2023-07-31 16:49:36,
425,HF-00020-67,NestCraft Throw Pillow Set,Premium furniture product by NestCraft. High quality and durable.,Home,Furniture,NestCraft,580.96,215.24,3941,True,2024-05-22 07:15:36,
426,BS-00025-70,Velvet Hue Eye Cream,Premium skincare product by Velvet Hue. High quality and durable.,Beauty,Skincare,Velvet Hue,70.68,33.7,3550,True,2025-02-06 12:34:45,
427,SO-00021-64,TrailForce Resistance Band Set,Premium outdoor product by TrailForce. High quality and durable.,Sports,Outdoor,TrailForce,343.81,194.46,2459,True,2022-06-30 21:05:27,
428,HD-00019-69,Serein Lab Air Fryer,Premium decor product by Serein Lab. High quality and durable.,Home,Decor,Serein Lab,190.45,76.01,4605,True,2023-11-02 07:44:18,
429,EC-00022-35,OpticPro LED Strip,Premium cameras product by OpticPro. High quality and durable.,Electronics,Cameras,OpticPro,206.8,75.77,105,True,2024-03-08 18:41:06,
430,BM-00021-63,Lumiere Co Foundation Kit,Premium makeup product by Lumiere Co. High quality and durable.,Beauty,Makeup,Lumiere Co,141.52,90.53,3056,True,2021-08-10 07:37:06,
431,BS-00026-25,Velvet Hue Foundation Kit,Premium skincare product by Velvet Hue. High quality and durable.,Beauty,Skincare,Velvet Hue,62.65,31.2,1591,True,2023-12-19 23:54:39,
432,TBG-00020-72,GameCraft Remote Car,Premium board games product by GameCraft. High quality and durable.,Toys,Board Games,GameCraft,130.65,56.03,472,True,2023-02-06 18:07:53,
433,EC-00023-14,OpticPro LED Strip,Premium cameras product by OpticPro. High quality and durable.,Electronics,Cameras,OpticPro,1107.73,472.44,231,True,2022-04-05 11:03:04,
434,HF-00021-68,NestCraft Wall Clock,Premium furniture product by NestCraft. High quality and durable.,Home,Furniture,NestCraft,567.12,199.39,2026,True,2022-05-17 12:54:02,
435,SF-00024-21,IronPath Pro Bar,Premium fitness product by IronPath. High quality and durable.,Sports,Fitness,IronPath,263.09,163.35,3257,True,2025-05-31 00:55:26,
436,EC-00024-31,OpticPro Smart Doorbell,Premium cameras product by OpticPro. High quality and durable.,Electronics,Cameras,OpticPro,999.96,388.49,2475,True,2024-04-04 06:47:14,
437,TO-00013-62,PlayZone Plush Bear,Premium outdoor play product by PlayZone. High quality and durable.,Toys,Outdoor Play,PlayZone,152.97,95.38,728,True,2023-12-06 23:47:21,
438,FDS-00022-44,PureBoost Whey Protein,Premium supplements product by PureBoost. High quality and durable.,Food & Drink,Supplements,PureBoost,61.15,38.25,3260,True,2022-06-08 04:42:59,
439,FDCT-00019-10,BrewRoots Energy Gummies,Premium coffee & tea product by BrewRoots. High quality and durable.,Food & Drink,Coffee & Tea,BrewRoots,12.27,7.0,3422,True,2023-06-15 20:12:28,
440,FA-00009-31,CharmWear Casual Sneakers,Premium accessories product by CharmWear. High quality and durable.,Fashion,Accessories,CharmWear,104.67,38.23,1100,True,2025-04-11 13:35:51,
441,SO-00022-82,TrailForce Water Bottle,Premium outdoor product by TrailForce. High quality and durable.,Sports,Outdoor,TrailForce,328.53,119.9,483,True,2022-08-20 03:58:12,
442,HD-00020-66,Serein Lab Air Fryer,Premium decor product by Serein Lab. High quality and durable.,Home,Decor,Serein Lab,379.83,196.96,1360,True,2024-03-19 13:28:52,
443,SO-00023-18,TrailForce Water Bottle,Premium outdoor product by TrailForce. High quality and durable.,Sports,Outdoor,TrailForce,146.73,74.1,3914,True,2021-11-10 04:52:28,
444,SF-00025-44,IronPath Pro Bar,Premium fitness product by IronPath. High quality and durable.,Sports,Fitness,IronPath,304.44,92.1,4771,True,2021-10-28 21:03:06,
445,ESH-00017-58,NexLink USB-C Hub,Premium smart home product by NexLink. High quality and durable.,Electronics,Smart Home,NexLink,733.51,473.42,2177,True,2023-11-14 02:46:32,
446,TO-00014-53,PlayZone Science Kit,Premium outdoor play product by PlayZone. High quality and durable.,Toys,Outdoor Play,PlayZone,80.45,49.2,2582,True,2024-05-23 00:10:38,
447,BH-00024-17,GlossGlow Eye Cream,Premium haircare product by GlossGlow. High quality and durable.,Beauty,Haircare,GlossGlow,146.49,88.71,820,False,2024-06-02 09:00:09,
448,FWA-00017-13,Fiorelux Baseball Cap,Premium women's apparel product by Fiorelux. High quality and durable.,Fashion,Women's Apparel,Fiorelux,308.92,186.63,2289,True,2023-02-12 04:18:34,
449,HD-00021-89,Serein Lab Coffee Maker,Premium decor product by Serein Lab. High quality and durable.,Home,Decor,Serein Lab,414.85,250.76,4218,True,2021-01-10 17:19:22,
450,FMA-00014-12,DapperCo Casual Sneakers,Premium men's apparel product by DapperCo. High quality and durable.,Fashion,Men's Apparel,DapperCo,324.21,196.37,2666,True,2025-02-14 09:38:01,
451,BH-00025-88,GlossGlow Eye Cream,Premium haircare product by GlossGlow. High quality and durable.,Beauty,Haircare,GlossGlow,120.74,50.94,3900,True,2021-11-09 02:31:17,
452,FA-00010-47,CharmWear Baseball Cap,Premium accessories product by CharmWear. High quality and durable.,Fashion,Accessories,CharmWear,311.44,171.04,4260,True,2025-04-17 20:26:01,
453,SF-00026-73,IronPath Kettlebell,Premium fitness product by IronPath. High quality and durable.,Sports,Fitness,IronPath,321.78,130.47,4495,True,2022-06-07 02:55:42,
454,BS-00027-71,Velvet Hue Dry Shampoo,Premium skincare product by Velvet Hue. High quality and durable.,Beauty,Skincare,Velvet Hue,102.1,39.24,1733,True,2021-10-05 20:31:10,
455,SO-00024-13,TrailForce Resistance Band Set,Premium outdoor product by TrailForce. High quality and durable.,Sports,Outdoor,TrailForce,76.69,47.94,3141,True,2023-03-12 10:10:35,
456,FA-00011-95,CharmWear Wool Coat,Premium accessories product by CharmWear. High quality and durable.,Fashion,Accessories,CharmWear,79.09,27.48,4378,True,2021-10-08 23:49:33,
457,FDSN-00030-52,MunchCo Cold Brew Blend,Premium snacks product by MunchCo. High quality and durable.,Food & Drink,Snacks,MunchCo,70.4,44.08,4920,True,2024-03-17 07:55:36,
458,FA-00012-93,CharmWear Casual Sneakers,Premium accessories product by CharmWear. High quality and durable.,Fashion,Accessories,CharmWear,328.21,163.01,3579,True,2023-03-16 23:26:42,
459,SO-00025-21,TrailForce Pull-Up Bar,Premium outdoor product by TrailForce. High quality and durable.,Sports,Outdoor,TrailForce,57.88,24.26,4851,True,2021-12-27 17:30:27,
460,TO-00015-26,PlayZone Science Kit,Premium outdoor play product by PlayZone. High quality and durable.,Toys,Outdoor Play,PlayZone,172.13,109.12,4726,True,2021-07-12 06:28:31,
461,TBG-00021-34,GameCraft Magnetic Tiles,Premium board games product by GameCraft. High quality and durable.,Toys,Board Games,GameCraft,170.95,109.91,2618,True,2022-01-28 10:09:34,
462,TBG-00022-87,GameCraft Remote Car,Premium board games product by GameCraft. High quality and durable.,Toys,Board Games,GameCraft,122.25,41.24,75,True,2023-09-09 13:10:00,
463,EL-00015-38,Voltix LED Strip,Premium laptops product by Voltix. High quality and durable.,Electronics,Laptops,Voltix,612.3,281.37,4927,True,2021-04-17 16:51:50,
464,TO-00016-49,PlayZone Card Game,Premium outdoor play product by PlayZone. High quality and durable.,Toys,Outdoor Play,PlayZone,105.45,57.05,2240,True,2025-01-25 23:20:47,
465,FWA-00018-73,Fiorelux Linen Shirt,Premium women's apparel product by Fiorelux. High quality and durable.,Fashion,Women's Apparel,Fiorelux,159.92,102.07,481,True,2022-04-20 10:18:13,
466,FDSN-00031-36,MunchCo Whey Protein,Premium snacks product by MunchCo. High quality and durable.,Food & Drink,Snacks,MunchCo,68.61,43.02,1843,True,2022-07-11 04:42:56,
467,FDCT-00020-60,BrewRoots Granola Mix,Premium coffee & tea product by BrewRoots. High quality and durable.,Food & Drink,Coffee & Tea,BrewRoots,27.43,16.05,1304,True,2024-05-03 18:55:56,
468,HD-00022-96,Serein Lab Storage Basket,Premium decor product by Serein Lab. High quality and durable.,Home,Decor,Serein Lab,289.32,122.07,3206,True,2023-05-30 08:58:57,
469,HF-00022-34,NestCraft Desk Lamp,Premium furniture product by NestCraft. High quality and durable.,Home,Furniture,NestCraft,423.65,208.35,797,True,2021-06-18 03:43:33,
470,FDSN-00032-48,MunchCo Herbal Tea Box,Premium snacks product by MunchCo. High quality and durable.,Food & Drink,Snacks,MunchCo,39.31,14.05,1126,True,2023-06-24 08:36:53,
471,EH-00015-37,Auraloop Portable Charger,Premium headphones product by Auraloop. High quality and durable.,Electronics,Headphones,Auraloop,970.12,357.47,74,True,2021-11-13 17:46:54,
472,FWA-00019-58,Fiorelux Running Shoes,Premium women's apparel product by Fiorelux. High quality and durable.,Fashion,Women's Apparel,Fiorelux,476.19,214.04,1378,True,2024-01-10 18:15:13,
473,BS-00028-16,Velvet Hue Moisturiser SPF30,Premium skincare product by Velvet Hue. High quality and durable.,Beauty,Skincare,Velvet Hue,24.66,11.85,2772,True,2024-06-09 03:58:33,
474,ESH-00018-25,NexLink LED Strip,Premium smart home product by NexLink. High quality and durable.,Electronics,Smart Home,NexLink,308.01,145.08,4883,True,2024-03-12 05:44:17,
475,FDSN-00033-95,MunchCo Energy Gummies,Premium snacks product by MunchCo. High quality and durable.,Food & Drink,Snacks,MunchCo,54.39,31.12,3130,True,2024-10-14 22:25:29,
476,HK-00018-25,ChefMate Storage Basket,Premium kitchen product by ChefMate. High quality and durable.,Home,Kitchen,ChefMate,78.81,27.01,4175,True,2025-01-29 17:59:22,
477,HF-00023-22,NestCraft Wall Clock,Premium furniture product by NestCraft. High quality and durable.,Home,Furniture,NestCraft,478.66,173.94,3966,True,2024-09-09 07:46:15,
478,HF-00024-26,NestCraft Desk Lamp,Premium furniture product by NestCraft. High quality and durable.,Home,Furniture,NestCraft,68.67,22.13,4403,True,2021-03-03 08:23:50,
479,BH-00026-78,GlossGlow Hair Mask,Premium haircare product by GlossGlow. High quality and durable.,Beauty,Haircare,GlossGlow,119.25,57.9,523,True,2022-01-21 12:46:15,
480,FDS-00023-94,PureBoost Whey Protein,Premium supplements product by PureBoost. High quality and durable.,Food & Drink,Supplements,PureBoost,72.32,26.27,4907,True,2024-10-21 12:06:00,
481,FDCT-00021-25,BrewRoots Cold Brew Blend,Premium coffee & tea product by BrewRoots. High quality and durable.,Food & Drink,Coffee & Tea,BrewRoots,7.94,3.98,1320,True,2021-04-19 18:10:59,
482,SF-00027-74,IronPath Pull-Up Bar,Premium fitness product by IronPath. High quality and durable.,Sports,Fitness,IronPath,129.95,82.93,1405,True,2021-01-01 06:22:49,
483,EL-00016-15,Voltix USB-C Hub,Premium laptops product by Voltix. High quality and durable.,Electronics,Laptops,Voltix,1136.8,547.72,2403,True,2022-03-11 12:20:52,
484,TO-00017-98,PlayZone Plush Bear,Premium outdoor play product by PlayZone. High quality and durable.,Toys,Outdoor Play,PlayZone,69.46,42.98,2884,True,2022-10-14 22:46:02,
485,FF-00012-94,StepUp Baseball Cap,Premium footwear product by StepUp. High quality and durable.,Fashion,Footwear,StepUp,413.49,158.36,1540,True,2022-10-31 15:26:23,
486,EH-00016-85,Auraloop 4K Webcam,Premium headphones product by Auraloop. High quality and durable.,Electronics,Headphones,Auraloop,446.9,154.17,3457,True,2023-03-21 21:17:42,
487,BH-00027-30,GlossGlow Dry Shampoo,Premium haircare product by GlossGlow. High quality and durable.,Beauty,Haircare,GlossGlow,64.81,21.33,2082,True,2022-03-22 01:02:34,
488,TL-00027-19,BrightMind Plush Bear,Premium learning toys product by BrightMind. High quality and durable.,Toys,Learning Toys,BrightMind,129.62,51.11,1578,True,2025-05-08 22:47:38,
489,TL-00028-63,BrightMind Plush Bear,Premium learning toys product by BrightMind. High quality and durable.,Toys,Learning Toys,BrightMind,166.1,68.22,3552,True,2023-02-08 22:45:54,
490,SO-00026-25,TrailForce Pull-Up Bar,Premium outdoor product by TrailForce. High quality and durable.,Sports,Outdoor,TrailForce,219.62,118.46,3332,True,2021-10-04 10:23:38,
491,HD-00023-44,Serein Lab Scented Candle,Premium decor product by Serein Lab. High quality and durable.,Home,Decor,Serein Lab,96.33,55.81,2241,False,2022-11-22 10:20:23,
492,BS-00029-25,Velvet Hue Eye Cream,Premium skincare product by Velvet Hue. High quality and durable.,Beauty,Skincare,Velvet Hue,32.95,18.28,2511,True,2025-03-02 04:36:33,
493,SC-00023-54,VeloEdge Pro Bar,Premium cycling product by VeloEdge. High quality and durable.,Sports,Cycling,VeloEdge,284.68,171.63,4518,True,2021-05-30 00:24:06,
494,EL-00017-59,Voltix Portable Charger,Premium laptops product by Voltix. High quality and durable.,Electronics,Laptops,Voltix,237.29,138.13,4355,True,2024-06-04 23:51:14,
495,BH-00028-26,GlossGlow Moisturiser SPF30,Premium haircare product by GlossGlow. High quality and durable.,Beauty,Haircare,GlossGlow,44.79,24.2,1273,True,2024-03-22 21:25:29,
496,TBG-00023-44,GameCraft Puzzle Set,Premium board games product by GameCraft. High quality and durable.,Toys,Board Games,GameCraft,20.04,11.1,3032,True,2024-07-23 10:30:50,
497,FA-00013-33,CharmWear Linen Shirt,Premium accessories product by CharmWear. High quality and durable.,Fashion,Accessories,CharmWear,230.7,97.79,3839,True,2024-08-22 00:28:35,
498,TBG-00024-39,GameCraft Science Kit,Premium board games product by GameCraft. High quality and durable.,Toys,Board Games,GameCraft,67.99,40.81,2503,True,2021-10-08 01:22:10,
499,FF-00013-19,StepUp Running Shoes,Premium footwear product by StepUp. High quality and durable.,Fashion,Footwear,StepUp,370.38,233.6,1352,True,2023-06-08 02:35:06,
500,TO-00018-11,PlayZone Puzzle Set,Premium outdoor play product by PlayZone. High quality and durable.,Toys,Outdoor Play,PlayZone,192.81,86.45,4167,True,2025-01-30 05:44:23,
