id,order_id,user_id,product_id,rating,title,body,verified_purchase,helpful_votes,flagged,reviewed_at,updated_at
1,764,184,190,3,It's ok,Does the job but feels a bit cheap.,True,0,False,2025-06-10 23:57:19,
2,222,302,288,5,Highly recommend,Really impressed by the build quality. Will buy again.,True,0,False,2022-08-06 13:15:53,
3,1316,211,254,5,Best purchase ever,Really impressed by the build quality. Will buy again.,True,6,True,2024-10-04 08:14:41,
4,118,391,118,5,Best purchase ever,Fantastic. Does exactly what it says on the tin.,True,15,False,2022-08-04 07:59:21,
5,1643,297,32,5,Fantastic quality,Really impressed by the build quality. Will buy again.,True,0,False,2024-11-17 15:27:28,
6,1807,464,111,5,Best purchase ever,My whole family loves it. Worth every penny.,True,0,False,2025-09-26 05:11:20,
7,1623,382,217,4,Mostly great,Works as described. Happy with the purchase.,True,3,False,2025-09-21 16:05:26,
8,1583,183,289,5,Exceeded expectations,My whole family loves it. Worth every penny.,True,0,False,2024-06-09 18:14:53,
9,1711,318,462,5,Highly recommend,Fantastic. Does exactly what it says on the tin.,True,3,False,2024-06-28 03:29:18,
10,1090,235,188,4,Solid product,Works as described. Happy with the purchase.,True,4,False,2025-07-22 03:46:16,
11,83,214,429,5,Superb,"Fast delivery, great packaging, excellent product.",True,7,False,2024-09-10 22:52:20,
12,284,70,462,5,Exceeded expectations,Really impressed by the build quality. Will buy again.,True,0,False,2025-07-20 12:07:58,
13,112,267,459,5,Highly recommend,"Fast delivery, great packaging, excellent product.",True,0,False,2025-01-29 18:36:13,
14,1145,274,379,5,Best purchase ever,Fantastic. Does exactly what it says on the tin.,True,4,False,2026-01-08 15:32:00,
15,1155,336,48,4,Great value,Works as described. Happy with the purchase.,True,1,False,2025-11-27 17:34:11,
16,1732,88,380,5,Superb,My whole family loves it. Worth every penny.,True,15,False,2025-10-11 15:01:25,
17,625,116,55,1,Terrible experience,Completely different from the description.,True,2,False,2025-03-24 05:37:12,
18,1871,38,419,4,Good buy,Works as described. Happy with the purchase.,True,2,False,2024-09-28 01:01:40,
19,254,188,468,5,Absolutely love it,My whole family loves it. Worth every penny.,True,5,False,2025-06-06 01:48:11,
20,295,38,255,5,Superb,Fantastic. Does exactly what it says on the tin.,True,0,False,2022-12-08 15:27:55,
21,354,377,208,5,Highly recommend,Fantastic. Does exactly what it says on the tin.,True,0,False,2025-11-16 12:50:51,
22,1147,495,56,5,Exceeded expectations,Fantastic. Does exactly what it says on the tin.,True,0,False,2024-08-16 21:55:14,
23,647,8,475,5,Fantastic quality,My whole family loves it. Worth every penny.,True,2,False,2024-07-15 07:47:27,
24,555,388,408,5,Fantastic quality,My whole family loves it. Worth every penny.,True,2,False,2025-01-18 12:42:45,
25,141,180,241,2,Below average,Would not buy again at this price.,True,0,False,2026-01-15 13:06:21,
26,517,393,389,3,Decent,Average quality for the price.,True,3,False,2025-04-25 02:37:48,
27,1261,186,413,5,Highly recommend,Fantastic. Does exactly what it says on the tin.,True,1,False,2024-11-16 05:45:23,
28,890,108,272,5,Highly recommend,Fantastic. Does exactly what it says on the tin.,True,5,False,2025-03-06 02:36:39,
29,157,212,93,4,Very good,Works as described. Happy with the purchase.,True,0,False,2025-07-05 01:03:58,
30,111,252,498,5,Fantastic quality,My whole family loves it. Worth every penny.,True,4,False,2024-04-19 00:53:04,
31,1905,254,155,5,Superb,Fantastic. Does exactly what it says on the tin.,True,0,False,2024-07-21 09:39:40,
32,604,433,451,4,Good buy,"Meets expectations, packaging was good.",True,0,False,2025-03-23 06:45:00,
33,750,218,140,5,Superb,My whole family loves it. Worth every penny.,True,1,False,2025-02-19 18:13:05,
34,684,440,34,5,Highly recommend,Really impressed by the build quality. Will buy again.,True,13,False,2025-11-23 13:46:55,
35,1794,58,440,5,Fantastic quality,"Fast delivery, great packaging, excellent product.",True,0,False,2024-03-30 00:27:38,
36,1352,481,220,4,Mostly great,"Meets expectations, packaging was good.",True,0,False,2022-05-23 16:33:40,
37,767,435,243,2,Below average,Quality feels cheaper than described.,True,0,False,2025-11-10 12:47:46,
38,1561,340,139,4,Mostly great,"Good product overall, minor room for improvement.",True,0,False,2026-02-03 15:40:21,
39,1846,212,324,3,Not bad,"Some features work well, others not so much.",True,2,False,2025-02-12 10:36:12,
40,138,238,19,4,Really happy with this,"Good product overall, minor room for improvement.",True,0,False,2024-10-29 16:31:55,
41,591,238,164,5,Best purchase ever,My whole family loves it. Worth every penny.,True,2,False,2024-10-19 15:02:20,
42,8,272,481,5,Absolutely love it,Really impressed by the build quality. Will buy again.,True,1,False,2025-07-08 00:04:01,
43,745,387,446,4,Mostly great,"Solid quality, delivery was quick.",True,10,False,2024-08-17 11:59:14,
44,1705,187,6,5,Absolutely love it,Really impressed by the build quality. Will buy again.,True,6,False,2025-09-12 13:42:50,
45,1762,271,111,4,Very good,"Meets expectations, packaging was good.",True,0,False,2024-10-24 14:48:02,
46,1395,106,60,5,Exceeded expectations,Really impressed by the build quality. Will buy again.,True,0,False,2025-02-05 18:56:17,
47,1625,166,235,5,Superb,Really impressed by the build quality. Will buy again.,True,1,False,2025-07-03 05:11:17,
48,545,480,127,5,Fantastic quality,Fantastic. Does exactly what it says on the tin.,True,11,False,2025-01-08 02:20:46,
49,201,119,275,5,Exceeded expectations,Fantastic. Does exactly what it says on the tin.,True,0,False,2024-11-04 21:50:30,
50,1761,391,120,5,Best purchase ever,"Fast delivery, great packaging, excellent product.",True,0,False,2023-07-23 06:26:15,
51,1674,216,416,5,Superb,"Fast delivery, great packaging, excellent product.",True,0,False,2024-03-31 16:18:15,
52,664,439,417,5,Absolutely love it,Fantastic. Does exactly what it says on the tin.,True,2,False,2025-05-30 15:41:21,
53,1658,8,286,4,Good buy,"Solid quality, delivery was quick.",True,1,False,2024-02-14 03:27:09,
54,930,289,432,5,Absolutely love it,Really impressed by the build quality. Will buy again.,True,1,False,2025-09-21 17:26:41,
55,887,475,293,5,Superb,"Fast delivery, great packaging, excellent product.",True,1,False,2025-08-01 20:34:41,
56,1404,85,235,4,Good buy,"Solid quality, delivery was quick.",True,0,False,2024-06-01 06:53:35,
57,1627,334,472,5,Superb,"Fast delivery, great packaging, excellent product.",True,0,False,2025-01-25 05:36:04,
58,323,70,247,5,Best purchase ever,Really impressed by the build quality. Will buy again.,True,6,False,2025-10-08 13:32:25,
59,1293,75,157,5,Superb,Fantastic. Does exactly what it says on the tin.,True,6,False,2025-09-07 10:47:32,
60,1411,346,115,5,Fantastic quality,Fantastic. Does exactly what it says on the tin.,True,0,False,2024-10-14 06:36:07,
61,1350,151,366,5,Exceeded expectations,Really impressed by the build quality. Will buy again.,True,11,False,2025-01-12 16:39:38,
62,1256,24,321,5,Exceeded expectations,Fantastic. Does exactly what it says on the tin.,True,0,False,2024-07-14 16:24:51,
63,779,57,175,5,Absolutely love it,"Fast delivery, great packaging, excellent product.",True,1,False,2022-10-21 08:46:49,
64,853,210,411,5,Highly recommend,"Fast delivery, great packaging, excellent product.",True,7,False,2025-01-06 11:30:11,
65,436,183,260,4,Great value,"Solid quality, delivery was quick.",True,0,False,2025-08-02 23:23:18,
66,29,96,438,1,Very poor quality,Completely different from the description.,True,0,False,2024-09-19 08:40:13,
67,1706,391,500,5,Absolutely love it,Really impressed by the build quality. Will buy again.,True,0,False,2022-12-11 20:44:53,
68,735,37,370,3,It's ok,Average quality for the price.,True,0,False,2022-10-19 08:02:03,
69,935,367,455,5,Exceeded expectations,"Fast delivery, great packaging, excellent product.",True,1,False,2024-05-15 12:11:06,
70,1607,317,195,5,Highly recommend,Fantastic. Does exactly what it says on the tin.,True,0,False,2025-11-17 19:35:28,
71,294,295,148,5,Superb,My whole family loves it. Worth every penny.,True,4,False,2025-03-15 10:27:30,
72,594,90,203,4,Very good,"Solid quality, delivery was quick.",True,4,False,2024-12-01 23:34:26,
73,918,200,273,1,Complete waste of money,Broke within a week of use.,True,2,False,2025-08-18 09:16:26,
74,595,414,367,4,Mostly great,"Solid quality, delivery was quick.",True,3,False,2025-09-24 18:21:48,
75,1257,356,91,5,Best purchase ever,Fantastic. Does exactly what it says on the tin.,True,0,False,2025-02-15 07:22:30,
76,1355,252,299,5,Fantastic quality,Fantastic. Does exactly what it says on the tin.,True,0,False,2022-04-29 20:33:23,
77,914,357,24,5,Superb,"Fast delivery, great packaging, excellent product.",True,3,False,2026-01-28 05:59:45,
78,1503,213,168,5,Fantastic quality,Fantastic. Does exactly what it says on the tin.,True,4,False,2025-08-16 00:12:24,
79,867,57,308,5,Best purchase ever,Really impressed by the build quality. Will buy again.,True,1,False,2025-06-21 16:49:09,
80,480,39,245,3,Decent,It's okay but nothing special.,True,0,False,2025-01-02 04:01:53,
81,1294,42,474,5,Superb,"Fast delivery, great packaging, excellent product.",True,0,True,2023-06-21 05:19:14,
82,957,87,280,3,Not bad,Average quality for the price.,True,1,False,2025-04-14 15:16:48,
83,857,354,107,4,Great value,Works as described. Happy with the purchase.,True,0,False,2024-10-24 08:08:54,
84,101,250,107,5,Fantastic quality,Fantastic. Does exactly what it says on the tin.,True,0,False,2022-05-09 03:00:00,
85,808,390,117,2,Below average,"Had minor issues, customer service was slow.",True,1,False,2025-02-23 03:38:41,
86,1448,388,143,5,Highly recommend,My whole family loves it. Worth every penny.,True,1,False,2026-01-03 07:26:17,
87,1758,233,309,5,Absolutely love it,Fantastic. Does exactly what it says on the tin.,True,0,False,2022-03-04 02:46:03,
88,615,202,332,5,Exceeded expectations,Fantastic. Does exactly what it says on the tin.,True,1,False,2022-09-27 08:46:14,
89,535,116,219,5,Best purchase ever,Really impressed by the build quality. Will buy again.,True,4,False,2024-04-19 06:53:50,
90,1548,28,351,2,Disappointed,Quality feels cheaper than described.,True,0,False,2025-11-18 11:44:19,
91,1354,148,484,3,Average,"Some features work well, others not so much.",True,2,False,2024-11-14 23:38:32,
92,1262,211,410,5,Absolutely love it,"Fast delivery, great packaging, excellent product.",True,12,False,2025-09-27 19:46:17,
93,756,174,481,3,Mixed feelings,Average quality for the price.,True,9,False,2024-10-24 01:44:29,
94,1379,381,125,3,It's ok,It's okay but nothing special.,True,1,False,2025-03-22 14:05:17,
95,1025,413,142,5,Best purchase ever,Really impressed by the build quality. Will buy again.,True,0,False,2024-03-13 16:42:24,
96,1624,130,153,5,Highly recommend,My whole family loves it. Worth every penny.,True,1,False,2024-06-16 02:59:41,
97,1966,462,239,5,Fantastic quality,My whole family loves it. Worth every penny.,True,8,False,2025-06-24 04:48:24,
98,1725,283,109,4,Great value,"Good product overall, minor room for improvement.",True,4,False,2024-02-01 06:56:55,
99,1480,391,167,5,Absolutely love it,Fantastic. Does exactly what it says on the tin.,True,0,False,2022-03-24 23:25:22,
100,1382,108,49,4,Good buy,"Good product overall, minor room for improvement.",True,0,False,2024-06-14 20:38:58,
101,943,405,39,5,Best purchase ever,Fantastic. Does exactly what it says on the tin.,True,0,False,2025-09-15 17:03:39,
102,850,258,446,5,Fantastic quality,My whole family loves it. Worth every penny.,True,0,False,2023-10-29 17:42:52,
103,1786,396,486,5,Best purchase ever,"Fast delivery, great packaging, excellent product.",True,0,False,2025-06-11 02:00:25,
104,541,72,186,5,Fantastic quality,Really impressed by the build quality. Will buy again.,True,2,False,2023-12-29 08:57:28,
105,976,31,351,5,Fantastic quality,Really impressed by the build quality. Will buy again.,True,1,False,2023-11-01 10:31:34,
106,1197,312,260,5,Exceeded expectations,Really impressed by the build quality. Will buy again.,True,2,False,2024-06-18 14:25:12,
107,1652,80,163,4,Good buy,Works as described. Happy with the purchase.,True,2,False,2023-08-07 18:01:56,
108,1389,168,390,5,Fantastic quality,Fantastic. Does exactly what it says on the tin.,True,0,False,2022-10-02 08:58:49,
109,1978,381,164,4,Solid product,Works as described. Happy with the purchase.,True,0,False,2024-06-24 09:52:58,
110,955,488,180,4,Very good,"Good product overall, minor room for improvement.",True,3,False,2025-08-06 00:11:23,
111,807,364,300,5,Absolutely love it,"Fast delivery, great packaging, excellent product.",True,0,False,2025-02-11 17:59:31,
112,1187,11,290,5,Superb,My whole family loves it. Worth every penny.,True,19,True,2025-07-10 00:38:19,
113,1946,99,497,5,Fantastic quality,"Fast delivery, great packaging, excellent product.",True,3,False,2025-05-25 15:24:44,
114,1791,478,18,5,Absolutely love it,"Fast delivery, great packaging, excellent product.",True,2,False,2025-09-24 13:29:54,
115,1044,41,190,5,Superb,Really impressed by the build quality. Will buy again.,True,0,False,2025-03-12 12:51:08,
116,781,497,23,5,Exceeded expectations,"Fast delivery, great packaging, excellent product.",True,4,False,2024-10-13 05:24:18,
117,292,487,358,4,Great value,"Solid quality, delivery was quick.",True,0,False,2023-04-18 07:57:48,
118,1023,491,316,4,Good buy,"Solid quality, delivery was quick.",True,1,False,2022-06-17 19:38:35,
119,1033,118,470,5,Fantastic quality,"Fast delivery, great packaging, excellent product.",True,0,False,2026-02-03 01:25:03,
120,1364,425,479,5,Superb,My whole family loves it. Worth every penny.,True,1,False,2025-06-07 00:18:28,
121,1254,70,484,5,Highly recommend,Really impressed by the build quality. Will buy again.,True,1,False,2025-06-21 15:14:32,
122,974,273,13,5,Fantastic quality,Fantastic. Does exactly what it says on the tin.,True,0,False,2024-11-11 20:55:44,
123,470,218,371,5,Absolutely love it,Really impressed by the build quality. Will buy again.,True,0,False,2024-08-30 14:23:33,
124,620,487,373,5,Exceeded expectations,My whole family loves it. Worth every penny.,True,10,False,2024-06-29 22:47:49,
125,871,489,53,4,Good buy,Works as described. Happy with the purchase.,True,0,False,2026-01-05 01:47:33,
126,34,405,487,3,Decent,"Some features work well, others not so much.",True,0,False,2025-10-15 19:44:05,
127,495,86,71,5,Fantastic quality,Really impressed by the build quality. Will buy again.,True,6,False,2025-03-08 04:37:24,
128,1171,469,473,5,Fantastic quality,"Fast delivery, great packaging, excellent product.",True,10,False,2026-02-02 11:34:21,
129,38,448,273,5,Fantastic quality,"Fast delivery, great packaging, excellent product.",True,1,False,2026-01-11 05:35:07,
130,1744,391,434,5,Absolutely love it,Fantastic. Does exactly what it says on the tin.,True,0,False,2024-03-05 23:54:25,
131,1782,70,220,5,Superb,Fantastic. Does exactly what it says on the tin.,True,2,False,2025-10-29 15:56:34,
132,1163,10,286,4,Solid product,"Solid quality, delivery was quick.",True,2,False,2024-07-02 20:02:57,
133,836,214,353,5,Absolutely love it,Fantastic. Does exactly what it says on the tin.,True,0,False,2023-05-07 09:20:10,
134,1200,498,218,4,Good buy,"Good product overall, minor room for improvement.",True,8,False,2025-02-14 13:26:29,
135,1208,475,163,5,Superb,"Fast delivery, great packaging, excellent product.",True,0,False,2024-12-22 18:25:13,
136,1309,48,121,2,Would not repurchase,Would not buy again at this price.,True,0,False,2025-01-04 02:55:00,
137,1626,396,381,5,Fantastic quality,Really impressed by the build quality. Will buy again.,True,0,False,2024-10-28 09:57:11,
138,204,158,110,5,Highly recommend,Fantastic. Does exactly what it says on the tin.,True,0,False,2024-06-24 08:35:11,
139,398,494,459,2,Would not repurchase,Would not buy again at this price.,True,0,False,2023-04-06 17:16:58,
140,1688,261,331,4,Very good,"Good product overall, minor room for improvement.",True,0,False,2025-05-15 15:14:01,
141,583,116,364,2,Some issues,Not quite what I expected from the photos.,True,0,False,2024-12-04 11:13:58,
142,448,80,413,3,It's ok,Average quality for the price.,True,10,False,2023-05-19 10:50:06,
143,473,38,243,4,Good buy,"Meets expectations, packaging was good.",True,21,False,2025-02-05 03:03:52,
144,1942,113,434,3,Not bad,Average quality for the price.,True,6,False,2026-01-06 02:51:41,
145,440,145,245,3,Could be better,"Some features work well, others not so much.",True,0,False,2025-07-22 03:16:02,
146,831,173,172,5,Exceeded expectations,My whole family loves it. Worth every penny.,True,7,False,2023-12-21 06:56:33,
147,1186,475,41,5,Fantastic quality,My whole family loves it. Worth every penny.,True,6,False,2022-09-22 16:48:58,
148,1928,276,240,5,Superb,Really impressed by the build quality. Will buy again.,True,3,False,2024-07-10 06:35:51,
149,1533,382,31,5,Exceeded expectations,My whole family loves it. Worth every penny.,True,5,False,2024-01-11 13:17:40,
150,444,357,291,5,Superb,"Fast delivery, great packaging, excellent product.",True,2,False,2025-02-02 08:05:33,
151,1887,125,191,5,Exceeded expectations,Fantastic. Does exactly what it says on the tin.,True,5,False,2024-12-29 08:38:18,
152,170,185,99,4,Mostly great,"Good product overall, minor room for improvement.",True,12,False,2025-08-19 21:59:26,
153,711,64,321,5,Fantastic quality,Fantastic. Does exactly what it says on the tin.,True,0,False,2025-02-19 10:40:13,
154,1459,460,459,3,Could be better,Average quality for the price.,True,3,False,2023-07-14 06:47:19,
155,656,35,1,3,Mixed feelings,Average quality for the price.,True,0,False,2024-08-29 18:48:30,
156,727,216,367,3,Average,Average quality for the price.,True,4,False,2024-02-25 10:08:27,
157,1519,470,232,5,Exceeded expectations,"Fast delivery, great packaging, excellent product.",True,0,False,2025-09-12 12:13:13,
158,1752,458,346,4,Solid product,"Meets expectations, packaging was good.",True,0,False,2025-08-27 17:43:24,
159,842,481,287,5,Superb,"Fast delivery, great packaging, excellent product.",True,0,False,2024-11-24 20:41:44,
160,172,480,171,4,Good buy,"Solid quality, delivery was quick.",True,3,False,2025-01-26 08:56:07,
161,1195,388,404,5,Best purchase ever,"Fast delivery, great packaging, excellent product.",True,0,False,2025-07-09 13:22:58,
162,205,479,479,2,Below average,Would not buy again at this price.,True,3,False,2022-03-25 19:19:28,
163,645,415,273,5,Exceeded expectations,Really impressed by the build quality. Will buy again.,True,7,False,2024-03-23 02:46:26,
164,1613,212,27,5,Superb,Fantastic. Does exactly what it says on the tin.,True,0,False,2024-04-19 20:12:02,
165,1296,192,67,5,Exceeded expectations,"Fast delivery, great packaging, excellent product.",True,11,False,2025-08-25 15:33:46,
166,1539,216,328,5,Highly recommend,Fantastic. Does exactly what it says on the tin.,True,1,False,2025-10-04 13:44:08,
167,939,91,93,5,Best purchase ever,Fantastic. Does exactly what it says on the tin.,True,0,False,2022-10-23 13:58:15,
168,1629,414,136,4,Solid product,"Meets expectations, packaging was good.",True,0,False,2025-01-19 18:26:12,
169,1826,148,244,5,Highly recommend,Really impressed by the build quality. Will buy again.,True,1,False,2022-08-05 09:24:39,
170,1550,216,47,5,Best purchase ever,My whole family loves it. Worth every penny.,True,0,True,2024-02-25 03:16:11,
171,1565,2,93,3,Could be better,It's okay but nothing special.,True,0,False,2024-04-03 04:22:36,
172,770,172,243,5,Fantastic quality,"Fast delivery, great packaging, excellent product.",True,0,False,2024-11-25 04:29:29,
173,168,431,438,5,Best purchase ever,My whole family loves it. Worth every penny.,True,4,False,2025-12-05 01:10:45,
174,828,102,399,5,Fantastic quality,"Fast delivery, great packaging, excellent product.",True,5,False,2025-11-03 14:14:38,
175,1031,290,158,4,Very good,"Solid quality, delivery was quick.",True,0,False,2023-02-12 00:11:13,
176,1027,89,150,5,Exceeded expectations,Really impressed by the build quality. Will buy again.,True,0,False,2025-12-04 07:02:39,
177,1189,86,305,4,Very good,"Solid quality, delivery was quick.",True,0,False,2023-03-08 06:56:24,
178,1018,82,238,5,Superb,My whole family loves it. Worth every penny.,True,1,False,2023-04-09 23:16:40,
179,1400,192,319,3,Average,"Some features work well, others not so much.",True,0,False,2025-03-23 09:13:51,
180,1240,297,210,4,Mostly great,"Good product overall, minor room for improvement.",True,2,False,2025-02-10 19:22:08,
181,1974,82,228,4,Solid product,"Solid quality, delivery was quick.",True,0,False,2023-08-18 23:49:27,
182,1435,348,48,4,Good buy,"Meets expectations, packaging was good.",True,0,False,2025-03-18 20:45:33,
183,1568,82,398,5,Fantastic quality,"Fast delivery, great packaging, excellent product.",True,0,False,2024-04-30 19:00:56,
184,1190,173,183,3,Mixed feelings,Does the job but feels a bit cheap.,True,0,False,2025-11-02 06:22:24,
185,1934,245,67,4,Good buy,"Good product overall, minor room for improvement.",True,0,False,2023-03-05 16:10:47,
186,173,111,119,5,Absolutely love it,Fantastic. Does exactly what it says on the tin.,True,2,False,2025-09-16 21:02:37,
187,1100,37,249,4,Really happy with this,"Good product overall, minor room for improvement.",True,1,False,2026-01-20 15:02:03,
188,1049,96,220,3,Average,Average quality for the price.,True,0,False,2022-11-18 16:02:30,
189,215,377,5,5,Fantastic quality,Really impressed by the build quality. Will buy again.,True,1,False,2025-12-31 23:51:43,
190,428,212,254,4,Great value,"Meets expectations, packaging was good.",True,0,False,2024-04-02 06:06:09,
191,1231,250,433,3,Average,Average quality for the price.,True,0,False,2024-11-09 21:03:01,
192,1497,389,109,5,Exceeded expectations,"Fast delivery, great packaging, excellent product.",True,1,False,2025-08-16 11:08:53,
193,1326,350,68,5,Best purchase ever,Really impressed by the build quality. Will buy again.,True,0,False,2025-12-26 18:48:46,
194,818,60,221,4,Very good,"Solid quality, delivery was quick.",True,2,False,2024-09-24 21:12:36,
195,802,407,214,4,Really happy with this,Works as described. Happy with the purchase.,True,0,False,2022-11-30 11:55:28,
196,825,397,104,4,Great value,"Good product overall, minor room for improvement.",True,9,False,2026-01-01 12:56:45,
197,677,443,176,5,Fantastic quality,Really impressed by the build quality. Will buy again.,True,0,False,2024-12-15 09:09:06,
198,1297,126,92,5,Superb,My whole family loves it. Worth every penny.,True,2,False,2022-07-08 11:01:55,
199,704,481,249,5,Highly recommend,Really impressed by the build quality. Will buy again.,True,5,False,2026-01-21 15:01:51,
200,534,206,196,5,Absolutely love it,"Fast delivery, great packaging, excellent product.",True,2,False,2022-03-14 12:41:00,
201,1457,357,387,4,Great value,"Meets expectations, packaging was good.",True,0,False,2024-10-30 16:43:19,
202,119,7,422,2,Would not repurchase,Not quite what I expected from the photos.,True,0,True,2023-12-21 03:13:57,
203,1141,151,257,5,Exceeded expectations,Really impressed by the build quality. Will buy again.,True,2,False,2025-11-22 03:43:33,
204,1286,336,275,5,Best purchase ever,"Fast delivery, great packaging, excellent product.",True,2,False,2025-11-25 17:01:42,
205,352,104,29,5,Exceeded expectations,"Fast delivery, great packaging, excellent product.",True,6,False,2025-06-12 05:46:31,
206,801,212,378,4,Very good,Works as described. Happy with the purchase.,True,0,False,2024-02-21 00:41:20,
207,1865,85,182,4,Really happy with this,"Solid quality, delivery was quick.",True,0,False,2025-02-03 18:05:54,
208,1110,423,421,5,Highly recommend,Fantastic. Does exactly what it says on the tin.,True,0,False,2024-08-01 06:22:25,
209,613,276,352,5,Absolutely love it,Really impressed by the build quality. Will buy again.,True,4,False,2025-03-11 17:19:57,
210,786,397,470,5,Highly recommend,Really impressed by the build quality. Will buy again.,True,9,False,2025-09-20 01:42:19,
211,795,322,425,5,Absolutely love it,Fantastic. Does exactly what it says on the tin.,True,4,False,2024-10-29 03:43:08,
212,569,41,357,4,Really happy with this,"Solid quality, delivery was quick.",True,0,False,2024-08-15 21:34:21,
213,137,431,293,5,Best purchase ever,"Fast delivery, great packaging, excellent product.",True,2,False,2026-01-31 01:10:34,
214,198,3,209,3,Could be better,It's okay but nothing special.,True,2,False,2023-09-15 19:05:03,
215,913,448,476,5,Best purchase ever,"Fast delivery, great packaging, excellent product.",True,1,False,2024-02-21 02:46:06,
216,489,189,36,5,Exceeded expectations,"Fast delivery, great packaging, excellent product.",True,4,False,2025-12-19 05:20:26,
217,283,212,384,4,Really happy with this,"Good product overall, minor room for improvement.",True,6,False,2024-03-15 16:43:53,
218,1592,334,136,5,Absolutely love it,My whole family loves it. Worth every penny.,True,2,False,2024-10-30 03:58:38,
219,1348,48,459,3,Average,It's okay but nothing special.,True,0,False,2024-11-18 08:03:54,
220,1381,369,291,4,Good buy,Works as described. Happy with the purchase.,True,0,False,2024-12-06 06:31:35,
221,783,396,177,5,Superb,"Fast delivery, great packaging, excellent product.",True,1,False,2025-11-22 08:25:58,
222,1422,114,99,4,Very good,"Good product overall, minor room for improvement.",True,0,False,2025-09-29 13:45:35,
223,327,41,468,5,Superb,"Fast delivery, great packaging, excellent product.",True,0,False,2022-04-24 00:48:08,
224,1146,116,27,5,Exceeded expectations,Really impressed by the build quality. Will buy again.,True,0,False,2023-11-20 13:54:52,
225,1784,317,13,4,Great value,"Solid quality, delivery was quick.",True,0,False,2024-08-31 00:49:06,
226,165,428,63,5,Absolutely love it,My whole family loves it. Worth every penny.,True,7,False,2023-10-07 10:10:52,
227,782,89,87,5,Absolutely love it,Really impressed by the build quality. Will buy again.,True,1,False,2025-03-31 12:40:35,
228,1020,418,377,4,Solid product,Works as described. Happy with the purchase.,True,0,False,2023-04-19 07:31:41,
229,270,237,478,5,Highly recommend,Really impressed by the build quality. Will buy again.,True,0,False,2025-09-04 15:48:18,
230,1888,397,331,3,It's ok,"Some features work well, others not so much.",True,0,False,2025-09-27 01:11:26,
231,1081,279,161,4,Really happy with this,"Solid quality, delivery was quick.",True,3,False,2024-11-20 20:36:15,
232,75,223,470,5,Highly recommend,"Fast delivery, great packaging, excellent product.",True,0,False,2024-06-15 00:34:57,
233,1055,445,75,4,Solid product,Works as described. Happy with the purchase.,True,0,False,2025-11-01 10:31:44,
234,1273,260,394,4,Mostly great,Works as described. Happy with the purchase.,True,0,False,2023-05-09 16:19:28,
235,1161,178,90,2,Below average,"Had minor issues, customer service was slow.",True,0,False,2025-03-12 21:45:43,
236,333,317,96,5,Highly recommend,Really impressed by the build quality. Will buy again.,True,0,False,2024-05-29 23:51:36,
237,743,320,9,5,Best purchase ever,Fantastic. Does exactly what it says on the tin.,True,2,False,2025-12-26 01:59:51,
238,703,482,155,5,Fantastic quality,My whole family loves it. Worth every penny.,True,20,False,2025-04-18 01:45:18,
239,994,317,139,5,Superb,Really impressed by the build quality. Will buy again.,True,4,True,2025-04-06 17:22:30,
240,1004,3,460,2,Not what I expected,Not quite what I expected from the photos.,True,3,False,2024-06-18 07:53:51,
241,162,168,198,3,Decent,Average quality for the price.,True,0,False,2024-10-14 10:00:43,
242,1677,200,19,5,Highly recommend,Fantastic. Does exactly what it says on the tin.,True,0,False,2025-04-18 12:39:49,
243,823,29,407,5,Exceeded expectations,My whole family loves it. Worth every penny.,True,0,False,2026-02-15 18:20:42,
244,599,470,87,5,Absolutely love it,Really impressed by the build quality. Will buy again.,True,0,False,2025-07-11 02:44:20,
245,1783,154,109,5,Superb,My whole family loves it. Worth every penny.,True,7,False,2025-11-25 14:24:21,
246,1906,203,67,3,Decent,Does the job but feels a bit cheap.,True,4,False,2025-04-27 09:16:53,
247,1564,13,243,4,Very good,"Meets expectations, packaging was good.",True,2,False,2024-07-29 15:01:25,
248,1491,200,344,4,Solid product,"Solid quality, delivery was quick.",True,2,False,2025-10-22 04:27:53,
249,1323,108,394,1,Broken on arrival,Arrived damaged and poorly packaged.,True,0,False,2025-09-23 09:37:17,
250,1694,232,271,5,Absolutely love it,My whole family loves it. Worth every penny.,True,1,False,2025-09-21 11:02:01,
251,1963,247,195,5,Highly recommend,"Fast delivery, great packaging, excellent product.",True,0,False,2025-09-13 10:42:06,
252,1885,27,465,4,Really happy with this,"Good product overall, minor room for improvement.",True,11,False,2025-07-10 15:57:29,
253,1532,341,482,5,Fantastic quality,"Fast delivery, great packaging, excellent product.",True,3,False,2025-11-19 16:47:52,
254,153,92,219,5,Superb,My whole family loves it. Worth every penny.,True,1,False,2024-08-25 21:22:03,
255,1814,247,442,4,Really happy with this,"Solid quality, delivery was quick.",True,0,False,2025-03-12 22:59:04,
256,416,85,35,5,Highly recommend,My whole family loves it. Worth every penny.,True,0,False,2024-01-21 09:03:47,
257,653,108,198,5,Exceeded expectations,My whole family loves it. Worth every penny.,True,4,False,2024-11-18 00:28:40,
258,646,275,260,5,Best purchase ever,"Fast delivery, great packaging, excellent product.",True,3,False,2023-07-03 08:02:23,
259,305,429,451,3,Mixed feelings,"Some features work well, others not so much.",True,0,False,2024-11-28 22:34:44,
260,7,204,418,5,Highly recommend,Really impressed by the build quality. Will buy again.,True,1,False,2026-01-11 13:09:33,
261,1249,211,56,4,Solid product,"Good product overall, minor room for improvement.",True,0,False,2025-09-26 04:04:57,
262,132,401,109,5,Superb,My whole family loves it. Worth every penny.,True,1,False,2025-11-22 16:33:30,
263,1580,306,305,5,Best purchase ever,Really impressed by the build quality. Will buy again.,True,1,True,2025-06-03 06:26:04,
264,251,214,42,5,Superb,My whole family loves it. Worth every penny.,True,0,False,2025-02-19 21:41:12,
265,1534,211,210,5,Highly recommend,"Fast delivery, great packaging, excellent product.",True,2,False,2024-08-12 06:27:00,
266,139,208,382,5,Exceeded expectations,Really impressed by the build quality. Will buy again.,True,5,False,2025-11-11 01:03:25,
267,126,480,427,5,Fantastic quality,Really impressed by the build quality. Will buy again.,True,0,False,2024-05-18 15:25:40,
268,1130,250,62,5,Best purchase ever,My whole family loves it. Worth every penny.,True,15,False,2025-10-13 21:13:28,
269,1678,265,418,3,Decent,It's okay but nothing special.,True,1,False,2025-03-20 02:23:35,
270,412,217,303,5,Exceeded expectations,Fantastic. Does exactly what it says on the tin.,True,0,False,2025-04-03 10:29:50,
271,261,348,20,4,Solid product,"Good product overall, minor room for improvement.",True,0,False,2026-01-04 22:41:35,
272,833,498,390,5,Best purchase ever,My whole family loves it. Worth every penny.,True,0,False,2024-11-30 21:30:59,
273,1087,484,82,2,Disappointed,Quality feels cheaper than described.,True,1,False,2025-09-02 01:53:59,
274,1432,7,473,5,Fantastic quality,My whole family loves it. Worth every penny.,True,0,False,2025-09-08 00:55:29,
275,927,42,41,4,Mostly great,"Solid quality, delivery was quick.",True,3,False,2022-10-21 23:14:00,
276,1864,231,455,5,Highly recommend,Fantastic. Does exactly what it says on the tin.,True,5,False,2023-10-12 19:01:37,
277,1127,260,500,2,Some issues,Not quite what I expected from the photos.,True,5,False,2026-01-14 05:19:34,
278,69,178,336,5,Best purchase ever,Fantastic. Does exactly what it says on the tin.,True,3,False,2025-03-22 00:26:18,
279,1041,130,333,5,Absolutely love it,My whole family loves it. Worth every penny.,True,0,False,2024-07-23 23:15:28,
280,430,313,221,5,Highly recommend,Really impressed by the build quality. Will buy again.,True,4,False,2025-12-28 23:14:56,
281,1476,216,27,5,Highly recommend,My whole family loves it. Worth every penny.,True,5,False,2024-02-20 15:33:58,
282,65,465,35,4,Mostly great,"Meets expectations, packaging was good.",True,2,False,2025-03-27 03:27:41,
283,579,381,414,5,Best purchase ever,Fantastic. Does exactly what it says on the tin.,True,0,False,2024-10-20 22:57:06,
284,1093,291,1,4,Good buy,"Good product overall, minor room for improvement.",True,0,False,2025-04-15 21:34:40,
285,1343,208,465,5,Highly recommend,Really impressed by the build quality. Will buy again.,True,4,False,2025-11-07 11:18:52,
286,304,149,304,4,Really happy with this,Works as described. Happy with the purchase.,True,0,False,2023-09-16 04:09:51,
287,1710,445,348,5,Exceeded expectations,Really impressed by the build quality. Will buy again.,True,0,False,2026-01-23 04:26:17,
288,180,462,500,2,Disappointed,Quality feels cheaper than described.,True,0,False,2025-07-16 02:06:49,
289,1247,350,436,4,Mostly great,"Solid quality, delivery was quick.",True,1,False,2025-07-27 13:03:45,
290,471,317,444,5,Best purchase ever,"Fast delivery, great packaging, excellent product.",True,0,False,2025-12-06 11:31:15,
291,353,408,228,5,Highly recommend,Fantastic. Does exactly what it says on the tin.,True,0,False,2025-02-21 03:55:11,
292,508,125,51,5,Exceeded expectations,Fantastic. Does exactly what it says on the tin.,True,1,False,2024-09-07 05:45:59,
293,1409,393,432,4,Good buy,"Meets expectations, packaging was good.",True,5,False,2025-10-27 17:59:21,
294,1617,193,475,5,Highly recommend,"Fast delivery, great packaging, excellent product.",True,4,False,2024-03-01 16:39:14,
295,787,421,357,5,Highly recommend,Fantastic. Does exactly what it says on the tin.,True,0,False,2022-06-02 03:43:28,
296,1622,313,486,5,Fantastic quality,Really impressed by the build quality. Will buy again.,True,1,False,2025-12-25 23:42:58,
297,310,91,269,5,Highly recommend,"Fast delivery, great packaging, excellent product.",True,0,False,2025-02-02 22:52:29,
298,78,279,255,5,Exceeded expectations,Really impressed by the build quality. Will buy again.,True,2,False,2024-06-19 21:50:27,
299,503,213,417,5,Fantastic quality,"Fast delivery, great packaging, excellent product.",True,0,True,2025-12-17 00:58:44,
300,1470,175,368,3,Not bad,Average quality for the price.,True,1,False,2024-10-07 22:23:59,
301,1353,73,218,5,Highly recommend,Really impressed by the build quality. Will buy again.,True,1,False,2025-02-18 18:37:00,
302,11,62,163,2,Some issues,Quality feels cheaper than described.,True,6,False,2024-05-22 01:43:06,
303,983,182,90,5,Absolutely love it,Fantastic. Does exactly what it says on the tin.,True,0,False,2026-01-12 12:02:03,
304,763,178,214,3,It's ok,Does the job but feels a bit cheap.,True,0,True,2023-03-10 05:25:32,
305,1862,302,399,3,Not bad,Average quality for the price.,True,1,False,2025-02-05 23:39:04,
306,1135,86,433,5,Exceeded expectations,My whole family loves it. Worth every penny.,True,0,False,2024-01-26 21:33:49,
307,1398,197,496,3,Decent,Average quality for the price.,True,0,False,2023-04-12 13:53:46,
308,1151,297,271,5,Best purchase ever,My whole family loves it. Worth every penny.,True,2,False,2024-11-05 20:40:51,
309,1120,390,71,5,Exceeded expectations,Really impressed by the build quality. Will buy again.,True,2,False,2025-02-19 23:17:17,
310,588,111,161,5,Best purchase ever,My whole family loves it. Worth every penny.,True,8,False,2023-01-23 03:35:58,
311,199,320,414,5,Absolutely love it,"Fast delivery, great packaging, excellent product.",True,4,False,2025-05-15 15:19:12,
312,363,272,40,4,Good buy,Works as described. Happy with the purchase.,True,3,False,2025-03-08 02:19:12,
313,68,36,190,5,Exceeded expectations,Fantastic. Does exactly what it says on the tin.,True,8,False,2024-12-17 12:19:59,
314,676,396,311,4,Mostly great,"Solid quality, delivery was quick.",True,1,False,2025-02-28 07:59:40,
315,1590,148,104,5,Fantastic quality,"Fast delivery, great packaging, excellent product.",True,0,False,2023-02-28 08:33:05,
316,18,378,54,4,Solid product,"Meets expectations, packaging was good.",True,0,False,2026-01-08 00:04:07,
317,931,267,74,5,Superb,Fantastic. Does exactly what it says on the tin.,True,0,False,2025-05-13 10:46:27,
318,1164,5,415,5,Highly recommend,Fantastic. Does exactly what it says on the tin.,True,0,False,2024-08-09 14:56:59,
319,248,388,495,5,Fantastic quality,Really impressed by the build quality. Will buy again.,True,0,False,2025-07-18 23:55:28,
320,1531,66,150,5,Absolutely love it,Fantastic. Does exactly what it says on the tin.,True,5,False,2025-05-27 08:22:57,
321,1386,488,200,5,Best purchase ever,"Fast delivery, great packaging, excellent product.",True,1,False,2025-03-19 19:36:03,
322,227,390,380,5,Best purchase ever,My whole family loves it. Worth every penny.,True,0,False,2025-10-08 02:07:06,
323,175,52,486,4,Really happy with this,Works as described. Happy with the purchase.,True,14,False,2022-05-30 07:33:13,
324,637,306,239,5,Absolutely love it,Really impressed by the build quality. Will buy again.,True,1,False,2025-05-01 20:30:57,
325,1874,352,406,3,Decent,Does the job but feels a bit cheap.,True,0,False,2023-09-06 05:26:25,
326,917,241,44,4,Mostly great,"Solid quality, delivery was quick.",True,0,False,2025-03-07 10:45:01,
327,717,293,399,3,Average,Average quality for the price.,True,0,False,2025-08-09 01:40:40,
328,467,276,225,2,Would not repurchase,Not quite what I expected from the photos.,True,4,False,2024-12-18 14:36:27,
329,1924,482,315,5,Exceeded expectations,Fantastic. Does exactly what it says on the tin.,True,3,False,2024-01-06 22:11:09,
330,1248,467,465,5,Superb,Really impressed by the build quality. Will buy again.,True,0,True,2025-06-26 23:07:52,
331,1460,274,438,5,Superb,Fantastic. Does exactly what it says on the tin.,True,0,False,2022-04-01 18:55:56,
332,329,60,164,5,Absolutely love it,"Fast delivery, great packaging, excellent product.",True,0,False,2025-04-19 02:50:17,
333,1288,178,251,5,Highly recommend,Really impressed by the build quality. Will buy again.,True,1,False,2025-02-18 22:04:10,
334,725,57,316,4,Really happy with this,"Meets expectations, packaging was good.",True,9,False,2023-04-04 21:57:55,
335,176,12,44,4,Great value,"Meets expectations, packaging was good.",True,0,False,2025-08-27 21:40:08,
336,461,396,381,5,Fantastic quality,Really impressed by the build quality. Will buy again.,True,5,False,2025-07-14 19:21:09,
337,701,284,94,5,Best purchase ever,Really impressed by the build quality. Will buy again.,True,0,False,2023-03-30 15:24:57,
338,390,215,285,3,Mixed feelings,It's okay but nothing special.,True,0,False,2023-08-15 20:01:59,
339,1306,232,171,5,Absolutely love it,Fantastic. Does exactly what it says on the tin.,True,2,False,2024-12-31 22:36:12,
340,1593,452,331,5,Fantastic quality,"Fast delivery, great packaging, excellent product.",True,7,False,2024-02-08 04:06:04,
341,1650,178,181,5,Fantastic quality,Fantastic. Does exactly what it says on the tin.,True,3,False,2022-04-12 13:23:48,
342,462,374,271,2,Disappointed,Not quite what I expected from the photos.,True,0,False,2026-01-19 05:16:48,
343,400,454,4,5,Fantastic quality,"Fast delivery, great packaging, excellent product.",True,3,False,2025-08-12 03:35:21,
344,135,399,352,4,Very good,"Good product overall, minor room for improvement.",True,3,False,2025-03-04 02:59:47,
345,951,433,462,2,Some issues,"Had minor issues, customer service was slow.",True,0,False,2024-03-12 00:05:28,
346,203,31,146,5,Highly recommend,"Fast delivery, great packaging, excellent product.",True,1,False,2025-04-28 22:44:22,
347,695,350,408,4,Good buy,"Meets expectations, packaging was good.",True,0,False,2025-05-06 22:11:40,
348,460,484,371,5,Superb,Fantastic. Does exactly what it says on the tin.,True,0,False,2025-08-18 01:33:32,
349,405,379,188,5,Fantastic quality,Really impressed by the build quality. Will buy again.,True,2,False,2023-08-01 13:54:26,
350,1243,387,171,5,Highly recommend,"Fast delivery, great packaging, excellent product.",True,0,False,2024-09-27 21:37:54,
351,1960,486,201,4,Great value,Works as described. Happy with the purchase.,True,0,False,2025-07-21 10:48:36,
352,287,365,276,2,Some issues,Quality feels cheaper than described.,True,0,False,2025-07-14 02:47:40,
353,652,218,308,5,Highly recommend,My whole family loves it. Worth every penny.,True,1,False,2026-01-05 02:54:39,
354,671,488,333,5,Absolutely love it,"Fast delivery, great packaging, excellent product.",True,3,False,2025-07-18 02:22:36,
355,650,32,293,4,Good buy,Works as described. Happy with the purchase.,True,0,False,2022-04-25 16:10:29,
356,564,161,117,5,Fantastic quality,My whole family loves it. Worth every penny.,True,2,False,2025-10-23 19:30:05,
357,632,192,375,5,Best purchase ever,My whole family loves it. Worth every penny.,True,1,False,2025-12-16 06:31:07,
358,1336,273,419,5,Superb,"Fast delivery, great packaging, excellent product.",True,0,False,2025-09-09 13:12:19,
359,1727,277,140,5,Exceeded expectations,My whole family loves it. Worth every penny.,True,5,False,2024-03-31 07:49:15,
360,1630,37,465,5,Highly recommend,Fantastic. Does exactly what it says on the tin.,True,0,False,2025-09-05 08:33:06,
361,1523,420,261,5,Fantastic quality,Really impressed by the build quality. Will buy again.,True,1,False,2024-12-06 14:17:02,
362,332,80,384,5,Best purchase ever,"Fast delivery, great packaging, excellent product.",True,0,False,2024-01-02 08:02:46,
363,1505,288,456,4,Really happy with this,"Solid quality, delivery was quick.",True,0,False,2025-02-01 08:38:35,
364,1591,401,335,4,Good buy,"Solid quality, delivery was quick.",True,0,False,2025-04-29 18:21:07,
365,1410,278,234,4,Solid product,"Good product overall, minor room for improvement.",True,0,False,2024-05-17 14:18:59,
366,1697,333,325,5,Absolutely love it,Fantastic. Does exactly what it says on the tin.,True,0,False,2023-10-10 04:29:46,
367,570,38,486,2,Not what I expected,Would not buy again at this price.,True,0,False,2022-09-26 13:39:15,
368,1560,250,353,3,Not bad,Does the job but feels a bit cheap.,True,4,False,2023-12-18 16:03:02,
369,1691,412,471,5,Exceeded expectations,Really impressed by the build quality. Will buy again.,True,0,False,2024-05-23 08:25:14,
370,1809,352,293,2,Would not repurchase,Would not buy again at this price.,True,2,False,2025-09-20 05:09:58,
371,659,191,82,5,Fantastic quality,"Fast delivery, great packaging, excellent product.",True,0,False,2023-07-30 02:24:16,
372,1180,80,83,5,Absolutely love it,"Fast delivery, great packaging, excellent product.",True,1,False,2023-11-05 02:43:43,
373,238,39,458,2,Below average,Quality feels cheaper than described.,True,1,False,2023-11-05 06:32:06,
374,409,294,51,4,Good buy,Works as described. Happy with the purchase.,True,3,True,2024-11-10 20:44:55,
375,713,111,7,5,Best purchase ever,Really impressed by the build quality. Will buy again.,True,2,False,2025-03-15 01:36:45,
376,523,7,437,5,Fantastic quality,Fantastic. Does exactly what it says on the tin.,True,1,False,2022-12-25 17:12:28,
377,1698,378,162,5,Absolutely love it,My whole family loves it. Worth every penny.,True,1,False,2024-11-08 05:26:51,
378,543,88,21,5,Absolutely love it,"Fast delivery, great packaging, excellent product.",True,5,False,2025-06-09 03:20:44,
379,244,128,428,5,Fantastic quality,My whole family loves it. Worth every penny.,True,5,False,2024-09-02 14:17:18,
380,663,84,195,4,Good buy,"Solid quality, delivery was quick.",True,0,False,2024-06-16 10:04:21,
381,718,54,410,4,Great value,"Meets expectations, packaging was good.",True,0,False,2022-10-15 12:28:01,
382,226,172,378,5,Exceeded expectations,My whole family loves it. Worth every penny.,True,0,False,2022-08-31 06:53:09,
383,1392,148,345,4,Solid product,Works as described. Happy with the purchase.,True,2,False,2022-12-21 07:00:42,
384,92,469,120,5,Exceeded expectations,My whole family loves it. Worth every penny.,True,3,False,2025-01-01 11:09:45,
385,1716,192,273,5,Best purchase ever,Fantastic. Does exactly what it says on the tin.,True,3,False,2025-06-02 13:04:50,
386,395,286,396,5,Best purchase ever,Fantastic. Does exactly what it says on the tin.,True,1,False,2025-07-04 16:38:46,
387,642,149,21,5,Absolutely love it,"Fast delivery, great packaging, excellent product.",True,0,False,2022-08-16 11:45:20,
388,988,245,5,5,Fantastic quality,Really impressed by the build quality. Will buy again.,True,2,False,2025-02-24 17:42:04,
389,1841,375,470,3,Mixed feelings,Does the job but feels a bit cheap.,True,0,False,2025-05-21 20:40:36,
390,746,80,393,3,Mixed feelings,Does the job but feels a bit cheap.,True,2,False,2024-05-10 12:04:15,
391,1160,482,84,4,Mostly great,"Good product overall, minor room for improvement.",True,0,False,2024-05-18 02:37:46,
392,96,454,160,3,Decent,It's okay but nothing special.,True,0,False,2024-03-13 21:54:49,
393,236,32,431,4,Good buy,Works as described. Happy with the purchase.,True,0,False,2025-07-08 16:00:06,
394,716,338,217,3,It's ok,Does the job but feels a bit cheap.,True,1,False,2022-05-31 15:43:12,
395,1573,491,355,4,Great value,"Good product overall, minor room for improvement.",True,0,False,2023-07-31 08:58:51,
396,505,416,426,2,Disappointed,Would not buy again at this price.,True,0,False,2025-12-16 23:15:29,
397,1558,37,358,5,Superb,Really impressed by the build quality. Will buy again.,True,0,False,2024-06-28 08:12:04,
398,12,488,480,5,Highly recommend,Fantastic. Does exactly what it says on the tin.,True,0,True,2024-12-31 13:19:48,
399,1387,426,449,3,Mixed feelings,It's okay but nothing special.,True,1,False,2025-01-14 02:21:34,
400,1728,276,460,5,Absolutely love it,"Fast delivery, great packaging, excellent product.",True,2,False,2025-09-21 00:58:15,
401,1646,149,240,4,Mostly great,"Meets expectations, packaging was good.",True,0,False,2022-07-13 09:24:44,
402,1322,438,248,4,Solid product,"Solid quality, delivery was quick.",True,0,False,2024-09-13 11:42:19,
403,1318,81,212,5,Fantastic quality,My whole family loves it. Worth every penny.,True,0,False,2025-11-20 06:02:44,
404,1066,154,422,5,Superb,"Fast delivery, great packaging, excellent product.",True,0,False,2025-05-30 18:24:30,
405,688,144,406,5,Fantastic quality,Fantastic. Does exactly what it says on the tin.,True,2,False,2025-05-29 18:42:34,
406,859,372,478,4,Mostly great,"Good product overall, minor room for improvement.",True,0,False,2024-02-28 15:21:03,
407,769,358,406,3,Mixed feelings,It's okay but nothing special.,True,0,False,2024-08-06 17:56:32,
408,1572,212,173,5,Absolutely love it,"Fast delivery, great packaging, excellent product.",True,2,False,2025-09-06 01:53:05,
409,672,329,341,5,Absolutely love it,My whole family loves it. Worth every penny.,True,1,False,2024-03-19 08:41:06,
410,903,85,233,2,Disappointed,Quality feels cheaper than described.,True,0,False,2025-03-09 23:33:14,
411,6,183,84,5,Best purchase ever,Really impressed by the build quality. Will buy again.,True,7,False,2024-04-04 21:40:19,
412,510,218,82,5,Fantastic quality,Fantastic. Does exactly what it says on the tin.,True,0,False,2024-12-17 21:42:49,
413,731,416,153,4,Very good,"Good product overall, minor room for improvement.",True,14,False,2024-06-29 18:57:29,
414,125,246,471,5,Highly recommend,Really impressed by the build quality. Will buy again.,True,0,False,2023-11-25 09:37:02,
415,1194,388,127,4,Solid product,"Solid quality, delivery was quick.",True,1,False,2025-04-06 15:23:57,
416,117,246,173,1,Very poor quality,Broke within a week of use.,True,0,False,2024-11-11 23:41:48,
417,286,263,189,5,Absolutely love it,Fantastic. Does exactly what it says on the tin.,True,0,False,2025-04-03 09:51:35,
418,136,197,81,4,Very good,"Solid quality, delivery was quick.",True,0,False,2025-12-24 13:26:21,
419,1084,36,450,5,Best purchase ever,Fantastic. Does exactly what it says on the tin.,True,2,False,2023-08-27 09:44:44,
420,819,204,242,4,Solid product,"Good product overall, minor room for improvement.",True,0,False,2026-01-25 02:57:52,
421,147,109,391,4,Mostly great,"Meets expectations, packaging was good.",True,0,True,2025-03-29 21:30:11,
422,1709,259,40,5,Superb,My whole family loves it. Worth every penny.,True,3,False,2025-10-26 00:34:33,
423,608,337,200,4,Really happy with this,"Solid quality, delivery was quick.",True,7,False,2025-03-02 15:22:55,
424,1425,303,73,5,Absolutely love it,My whole family loves it. Worth every penny.,True,13,False,2024-10-22 04:05:46,
425,1071,58,328,5,Absolutely love it,Fantastic. Does exactly what it says on the tin.,True,0,False,2023-01-16 08:02:36,
426,936,364,44,5,Superb,"Fast delivery, great packaging, excellent product.",True,0,False,2025-11-05 17:31:59,
427,1644,409,13,3,Average,It's okay but nothing special.,True,0,False,2024-10-11 04:40:50,
428,1259,58,258,2,Below average,Not quite what I expected from the photos.,True,0,False,2025-03-20 01:12:26,
429,288,73,8,4,Good buy,"Meets expectations, packaging was good.",True,5,False,2024-11-18 01:43:57,
430,393,283,390,5,Fantastic quality,Fantastic. Does exactly what it says on the tin.,True,3,False,2024-03-13 21:34:53,
431,584,318,297,4,Solid product,"Meets expectations, packaging was good.",True,2,False,2026-02-08 09:27:37,
432,1241,336,195,5,Absolutely love it,"Fast delivery, great packaging, excellent product.",True,1,False,2025-01-13 14:55:26,
433,1236,192,48,2,Would not repurchase,Not quite what I expected from the photos.,True,2,False,2025-07-21 14:52:41,
434,300,251,129,3,Decent,It's okay but nothing special.,True,9,False,2024-04-08 20:39:22,
435,898,200,495,5,Highly recommend,My whole family loves it. Worth every penny.,True,1,False,2026-01-29 11:43:13,
436,1496,258,244,5,Best purchase ever,Really impressed by the build quality. Will buy again.,True,0,False,2023-02-21 05:03:27,
437,377,342,391,2,Disappointed,Quality feels cheaper than described.,True,1,False,2022-10-04 19:54:56,
438,1176,396,293,3,Could be better,"Some features work well, others not so much.",True,0,False,2025-05-25 11:06:09,
439,1082,147,87,5,Superb,"Fast delivery, great packaging, excellent product.",True,1,False,2025-08-14 13:10:34,
440,379,384,59,5,Absolutely love it,My whole family loves it. Worth every penny.,True,0,False,2025-01-10 08:53:57,
441,30,86,327,5,Exceeded expectations,"Fast delivery, great packaging, excellent product.",True,3,False,2023-02-12 19:15:48,
442,1907,472,121,4,Mostly great,"Meets expectations, packaging was good.",True,1,False,2025-11-14 05:35:53,
443,593,490,80,4,Really happy with this,Works as described. Happy with the purchase.,True,0,False,2026-01-29 09:37:22,
444,1790,246,2,5,Fantastic quality,Fantastic. Does exactly what it says on the tin.,True,0,False,2024-04-27 22:52:19,
445,827,20,25,2,Below average,Quality feels cheaper than described.,True,1,False,2025-05-18 19:12:31,
446,1463,44,494,5,Exceeded expectations,"Fast delivery, great packaging, excellent product.",True,1,False,2023-11-12 12:42:21,
447,1137,98,145,3,It's ok,Does the job but feels a bit cheap.,True,4,False,2024-11-28 15:07:45,
448,910,31,90,4,Really happy with this,"Good product overall, minor room for improvement.",True,2,False,2025-07-20 01:58:17,
449,1980,481,18,4,Really happy with this,"Meets expectations, packaging was good.",True,0,False,2023-12-10 03:49:24,
450,513,391,257,5,Absolutely love it,"Fast delivery, great packaging, excellent product.",True,9,False,2024-07-04 17:41:18,
451,1600,475,428,2,Some issues,Would not buy again at this price.,True,0,False,2025-02-28 18:53:14,
452,1430,487,464,2,Not what I expected,Not quite what I expected from the photos.,True,3,False,2024-04-04 13:19:02,
453,533,151,83,5,Absolutely love it,My whole family loves it. Worth every penny.,True,0,False,2025-05-27 02:34:10,
454,1399,445,216,5,Highly recommend,Really impressed by the build quality. Will buy again.,True,0,False,2025-08-26 14:02:51,
455,1647,480,266,4,Great value,"Solid quality, delivery was quick.",True,0,False,2024-08-07 09:45:29,
456,95,103,427,5,Absolutely love it,"Fast delivery, great packaging, excellent product.",True,9,False,2025-05-22 14:24:22,
457,693,77,370,3,Average,Average quality for the price.,True,0,False,2024-08-19 22:51:51,
458,907,334,45,5,Absolutely love it,Fantastic. Does exactly what it says on the tin.,True,2,False,2024-12-13 10:54:51,
459,478,110,281,5,Best purchase ever,My whole family loves it. Worth every penny.,True,0,False,2025-01-17 08:11:58,
460,1335,323,306,4,Mostly great,"Good product overall, minor room for improvement.",True,0,False,2026-01-07 21:45:16,
461,237,84,321,4,Good buy,Works as described. Happy with the purchase.,True,3,False,2025-05-22 04:50:09,
462,1718,232,113,5,Exceeded expectations,My whole family loves it. Worth every penny.,True,0,False,2025-10-09 03:43:07,
463,1101,381,62,4,Good buy,"Meets expectations, packaging was good.",True,3,False,2025-01-12 13:41:17,
464,1893,464,279,4,Very good,"Good product overall, minor room for improvement.",True,5,False,2025-03-28 08:46:04,
465,371,440,399,5,Superb,Really impressed by the build quality. Will buy again.,True,2,False,2024-03-31 05:29:19,
466,58,217,409,5,Absolutely love it,Fantastic. Does exactly what it says on the tin.,True,2,False,2024-01-25 16:21:49,
467,241,137,433,4,Good buy,Works as described. Happy with the purchase.,True,0,False,2023-07-08 07:47:06,
468,438,119,416,3,Average,Does the job but feels a bit cheap.,True,2,False,2024-08-16 00:20:38,
469,1839,133,295,5,Best purchase ever,Really impressed by the build quality. Will buy again.,True,14,False,2023-07-19 03:24:04,
470,627,109,416,5,Highly recommend,Fantastic. Does exactly what it says on the tin.,True,4,False,2023-10-22 17:18:44,
471,1060,41,68,3,Could be better,"Some features work well, others not so much.",True,0,False,2025-12-08 18:02:32,
472,1569,331,374,4,Really happy with this,"Good product overall, minor room for improvement.",True,2,False,2026-01-07 09:52:39,
473,651,28,136,5,Best purchase ever,Fantastic. Does exactly what it says on the tin.,True,6,False,2023-06-15 20:05:53,
474,1162,376,190,3,Decent,It's okay but nothing special.,True,0,False,2025-02-16 14:52:16,
475,826,388,66,1,Complete waste of money,Arrived damaged and poorly packaged.,True,0,False,2025-04-29 08:11:27,
476,1211,454,245,2,Not what I expected,Would not buy again at this price.,True,10,False,2024-03-16 04:42:04,
477,538,412,78,4,Very good,Works as described. Happy with the purchase.,True,0,False,2024-06-17 13:50:02,
478,987,216,121,3,Mixed feelings,Average quality for the price.,True,0,False,2025-11-15 23:09:33,
479,1061,134,213,5,Highly recommend,My whole family loves it. Worth every penny.,True,1,False,2025-08-19 15:04:08,
480,1801,192,473,3,Average,It's okay but nothing special.,True,0,False,2025-05-15 16:03:26,
481,1964,179,345,4,Good buy,"Meets expectations, packaging was good.",True,0,False,2025-08-27 17:43:25,
482,178,475,67,4,Mostly great,"Meets expectations, packaging was good.",True,0,False,2023-10-08 12:10:02,
483,896,486,389,5,Exceeded expectations,"Fast delivery, great packaging, excellent product.",True,4,False,2023-07-15 04:47:25,
484,48,147,410,5,Fantastic quality,My whole family loves it. Worth every penny.,True,0,False,2025-04-27 16:24:42,
485,232,499,437,5,Exceeded expectations,Really impressed by the build quality. Will buy again.,True,0,False,2026-01-12 18:33:25,
486,1122,488,70,5,Fantastic quality,Really impressed by the build quality. Will buy again.,True,1,False,2025-01-16 16:54:39,
487,62,203,105,5,Superb,"Fast delivery, great packaging, excellent product.",True,3,False,2024-05-19 11:31:29,
488,494,365,34,5,Superb,"Fast delivery, great packaging, excellent product.",True,0,False,2025-08-20 12:22:11,
489,114,250,206,4,Solid product,"Good product overall, minor room for improvement.",True,2,False,2022-11-16 16:25:39,
490,1196,360,104,5,Fantastic quality,My whole family loves it. Worth every penny.,True,0,False,2025-11-15 13:51:00,
491,1021,409,353,4,Good buy,"Meets expectations, packaging was good.",True,1,False,2024-06-06 16:36:51,
492,110,87,485,4,Really happy with this,"Good product overall, minor room for improvement.",True,0,False,2022-05-18 19:03:33,
493,516,66,71,3,Mixed feelings,Does the job but feels a bit cheap.,True,6,False,2025-07-09 11:12:44,
494,1795,438,150,3,It's ok,Average quality for the price.,True,1,False,2024-06-24 12:37:15,
495,1812,111,381,5,Fantastic quality,Really impressed by the build quality. Will buy again.,True,1,False,2025-02-02 06:00:17,
496,848,294,220,5,Absolutely love it,My whole family loves it. Worth every penny.,True,4,False,2025-11-14 04:58:37,
497,789,246,371,4,Solid product,"Meets expectations, packaging was good.",True,8,False,2024-01-22 04:36:29,
498,59,499,173,4,Really happy with this,"Meets expectations, packaging was good.",True,0,False,2025-12-13 08:57:16,
499,1204,205,25,5,Fantastic quality,Really impressed by the build quality. Will buy again.,True,0,False,2024-11-07 02:39:41,
500,507,218,126,5,Exceeded expectations,"Fast delivery, great packaging, excellent product.",True,5,False,2026-01-31 15:54:22,
