id,first_name,last_name,email,phone,country,city,postcode,is_active,customer_tier,total_spent,has_newsletter,created_at,updated_at
1,Danielle,Johnson,john21@example.net,001-581-896-0013x389,United States,Austin,46048,True,casual,524.1,False,2023-01-31 20:27:37,
2,Jeffrey,Lawrence,blakeerik@example.com,942-335-1161x55940,Netherlands,Amsterdam,1488 CG,True,new,75.8,True,2022-12-24 20:27:13,
3,Teresa,Gray,maria95@example.net,610.934.1316,Germany,Frankfurt,87236,True,new,121.41,True,2023-05-15 07:24:09,
4,Cynthia,Diaz,michael41@example.net,+1-228-732-7648x3503,France,Lyon,54118,True,new,13.91,True,2021-11-14 13:21:02,
5,Richard,Jones,jason76@example.net,724.523.8849x696,Spain,Bilbao,18180,True,loyal,2169.8,True,2024-03-22 01:34:09,
6,Wendy,Taylor,ddavis@example.org,(626)291-6697,Germany,Stuttgart,19116,True,new,99.19,False,2021-05-23 08:54:49,
7,Erin,Wilson,kayla51@example.com,(727)404-8281x48932,Netherlands,The Hague,8428 XM,True,loyal,4646.54,True,2022-05-21 08:22:06,
8,Amber,Osborne,georgetracy@example.org,(443)903-9117x182,France,Bordeaux,42087,True,casual,978.29,True,2022-05-23 16:10:22,
9,Stacey,Martin,ibrandt@example.net,001-734-265-7871x331,Canada,Toronto,K0N 6L1,True,new,136.97,False,2022-10-18 12:01:14,
10,Brianna,Hall,adrianzimmerman@example.org,510.451.8347,Spain,Barcelona,27359,True,new,36.99,False,2022-03-10 19:35:29,
11,Jennifer,Khan,esanchez@example.com,311.265.6670,Netherlands,The Hague,4593 ET,True,loyal,2272.73,True,2025-03-14 07:12:29,
12,Richard,Morgan,wrightjames@example.com,(362)247-3178,Netherlands,Eindhoven,2040 NN,False,casual,1105.32,False,2024-12-25 04:19:44,
13,Denise,Fernandez,novaksara@example.org,(267)873-6026,Australia,Brisbane,2913,True,casual,926.05,True,2023-07-01 20:57:20,
14,Joseph,Bowers,smitchell@example.net,+1-272-734-3098,France,Bordeaux,23947,True,new,126.25,False,2023-07-17 05:39:22,
15,Brian,Silva,brianromero@example.org,291-336-1939,United States,Seattle,52487,True,new,2.92,False,2025-02-27 01:04:56,
16,Robert,Silva,sarah35@example.org,362-547-5107x991,United States,Los Angeles,84364,True,new,12.85,False,2021-09-02 16:33:04,
17,William,Anderson,nicole35@example.com,(378)449-8084,France,Lille,72296,True,casual,603.61,False,2022-05-29 00:45:30,
18,Joseph,Preston,josephjacobs@example.net,634-487-4016x40052,Germany,Stuttgart,50857,True,new,149.27,False,2024-05-24 15:01:19,
19,Joyce,Arnold,hhoffman@example.org,001-728-205-9826x204,Germany,Berlin,54313,True,new,88.25,True,2021-03-07 08:25:41,
20,Rachel,Clark,elizabethgomez@example.net,(392)832-2602x56342,Germany,Berlin,14117,True,casual,234.63,True,2023-10-24 14:32:03,
21,Monica,Garrison,jamessellers@example.com,733-203-6541x4586,Spain,Barcelona,40996,True,new,28.56,True,2024-06-18 16:35:27,
22,Darrell,Waller,beverlyterrell@example.org,896-555-6981,United States,Austin,95649,True,new,9.09,False,2021-11-02 18:34:06,
23,Jonathan,Fletcher,meyerlindsay@example.net,001-735-861-5951x484,Spain,Barcelona,37648,True,new,41.78,True,2022-07-25 01:51:35,
24,Heidi,Spencer,robertbentley@example.net,001-729-994-6804x436,United Kingdom,London,X9 1CH,True,loyal,4954.52,True,2022-06-01 17:03:18,
25,Scott,Lowe,yleon@example.net,(514)589-5134,United States,Houston,44760,True,new,42.79,False,2024-11-14 15:52:59,
26,Dylan,Williams,xcarr@example.org,569.436.7632x016,Spain,Barcelona,22445,True,casual,513.63,True,2023-07-11 20:08:21,
27,Linda,Dominguez,pwilliams@example.org,927.488.9579x868,United States,Seattle,72493,True,new,137.91,False,2025-04-12 07:14:30,
28,Julia,Wells,karen48@example.com,+1-434-571-4345x5812,United Kingdom,Edinburgh,C4 7DV,True,loyal,6420.81,True,2023-02-04 23:08:49,
29,Patrick,Hernandez,calebrussell@example.net,760.636.6909x670,Canada,Montreal,J5K 4R2,False,casual,968.73,False,2023-07-22 01:24:12,
30,Karen,Castaneda,vmedina@example.net,+1-937-434-6706x562,United Kingdom,London,U4 9JE,True,casual,1773.64,False,2023-12-21 07:59:05,
31,Tina,Ferguson,qvargas@example.org,562-972-0465,Australia,Adelaide,8611,True,loyal,7176.84,True,2021-01-25 07:19:59,
32,Mark,Juarez,aramirez@example.com,270-580-5310,Australia,Sydney,9288,True,loyal,7810.54,True,2021-11-29 13:10:50,
33,James,Smith,johnwells@example.org,001-437-645-2991,Australia,Adelaide,6002,True,new,135.8,False,2023-02-20 04:57:27,
34,Daniel,Johnson,barbara66@example.net,219.731.4919,United States,Chicago,27146,True,new,24.24,False,2023-03-25 20:48:01,
35,Amanda,Stanley,huntermatthew@example.com,916.857.2628x4987,France,Bordeaux,14722,True,new,87.38,True,2024-02-22 02:44:21,
36,Margaret,Vargas,melissa14@example.com,479.996.5075,United States,Chicago,37535,True,loyal,7168.93,True,2023-02-15 06:17:08,
37,Jason,Salinas,joshua94@example.net,9839136783,France,Lyon,31299,True,vip,53833.64,True,2022-07-05 01:58:53,
38,Shane,Smith,jeffrey34@example.net,001-757-988-5685,Germany,Hamburg,30866,True,loyal,4751.6,True,2021-12-02 20:11:38,
39,Joseph,King,griffithleslie@example.net,+1-623-337-4989,Canada,Montreal,K3A 3R5,True,loyal,8847.0,False,2023-05-16 14:08:58,
40,Marissa,Phillips,harry08@example.org,900-984-2710x947,Canada,Toronto,E4H 9L0,True,new,89.49,False,2021-12-03 19:04:47,
41,Matthew,Sheppard,shelley71@example.org,(871)590-2294x1318,United Kingdom,Glasgow,V4 5BP,True,vip,35035.86,False,2021-01-06 06:06:38,
42,Kimberly,James,levans@example.com,399-409-1334x1232,Germany,Hamburg,66531,True,casual,1902.86,False,2021-08-06 09:37:30,
43,Aaron,Hayes,ocarter@example.com,001-447-613-4936x183,Australia,Adelaide,4533,True,new,48.93,False,2024-06-22 19:58:57,
44,Margaret,Jones,lauralarson@example.net,271-874-6488x7719,Netherlands,Rotterdam,5930 NU,True,casual,677.36,True,2021-01-02 06:16:08,
45,Jessica,Munoz,davissuzanne@example.net,001-604-490-2787,Spain,Seville,24005,True,new,70.98,False,2025-05-08 03:53:44,
46,Wendy,Graham,ecosta@example.com,(755)612-5674x68071,Canada,Toronto,K4K 3G0,True,new,36.73,False,2021-05-24 13:56:41,
47,Marcus,Cordova,ahancock@example.net,+1-976-203-8597,Germany,Stuttgart,60328,True,new,59.95,True,2025-03-16 23:26:01,
48,James,Dunn,samuel71@example.org,+1-393-424-8086x1317,United Kingdom,Glasgow,H3 9RB,True,loyal,9298.5,True,2023-02-14 05:34:12,
49,Tyrone,Moran,robert77@example.org,682.263.9821x465,Canada,Calgary,X6Y 7H7,True,new,38.88,True,2024-10-30 07:38:01,
50,Justin,Evans,cgrimes@example.net,855.288.6753x3963,Germany,Hamburg,67654,True,new,107.03,True,2021-08-29 17:34:39,
51,Louis,Kennedy,qhughes@example.net,(370)928-9517,France,Lyon,60205,True,new,105.96,True,2022-04-20 17:59:10,
52,Alexis,Thomas,charlesharrington@example.com,696-515-8657x80913,Germany,Frankfurt,61049,False,new,128.51,False,2021-03-02 16:24:28,
53,Julie,Hamilton,hodgesjane@example.org,524.800.5045x562,Netherlands,Utrecht,9818 UW,True,new,73.23,True,2022-11-17 04:33:24,
54,Ashlee,Sparks,gregorylynch@example.com,+1-637-492-3747x407,Netherlands,Rotterdam,8657 EW,True,casual,1823.16,True,2021-03-25 18:45:51,
55,Charles,Landry,danielle64@example.com,836-671-3695x9440,Spain,Barcelona,13295,True,new,56.87,True,2023-03-20 06:39:38,
56,Alan,Grimes,lozanojulie@example.com,001-739-453-3942x104,Netherlands,The Hague,2341 SA,True,new,149.99,False,2021-06-11 19:47:02,
57,Christopher,Phillips,ithompson@example.net,(488)542-4745x171,United States,Los Angeles,36130,True,casual,1280.54,True,2021-03-05 07:38:39,
58,Michelle,Ramsey,zcoffey@example.net,(716)304-8175x496,Spain,Valencia,34175,True,loyal,6650.09,False,2022-06-06 07:15:55,
59,Emily,Ruiz,rose31@example.net,446.812.0047x113,Australia,Sydney,6740,True,new,139.33,False,2021-03-21 18:43:18,
60,Shawn,Santiago,umatthews@example.org,(717)796-4053x77351,Germany,Berlin,87607,True,loyal,2366.16,False,2023-01-25 12:09:45,
61,Bruce,Hill,rushmadison@example.org,+1-539-500-5329x3183,United States,Chicago,79827,False,new,99.23,True,2024-08-23 22:10:46,
62,Mark,Hernandez,ramireztracey@example.org,+1-742-210-2053,Spain,Madrid,38411,True,new,95.34,False,2024-01-31 06:41:50,
63,Grant,Williams,vfox@example.org,975.289.1783x9084,Australia,Adelaide,8620,True,casual,983.26,False,2025-02-11 04:11:13,
64,Bruce,Mendoza,gsimmons@example.com,001-771-815-9212x499,United Kingdom,Birmingham,R4 8VW,True,new,50.46,False,2024-03-23 11:29:26,
65,Virginia,Schmidt,bwagner@example.org,001-318-736-7365x766,Australia,Brisbane,4290,True,new,83.37,False,2023-05-09 08:04:41,
66,Ronald,Ortega,stephanie71@example.org,716-315-2809,Germany,Stuttgart,72402,True,new,67.23,True,2025-03-05 22:17:28,
67,Robert,Russo,uparrish@example.org,794-351-9832x7315,Canada,Calgary,Y8P 6Y5,True,new,105.43,True,2023-12-30 00:53:38,
68,Kathryn,Andrews,xbruce@example.net,+1-480-494-0244x550,United Kingdom,Bristol,U3 4GS,True,new,108.69,False,2023-05-10 01:18:23,
69,Ashley,Morales,joycebonilla@example.org,001-383-266-7525x459,Germany,Hamburg,39816,True,new,26.92,True,2024-01-27 05:14:34,
70,Eric,Webster,craigjoseph@example.net,(979)676-4381x56149,Australia,Melbourne,7225,True,vip,13334.56,True,2025-03-06 02:34:07,
71,Brandon,Foster,smithkevin@example.org,001-724-345-1076x226,United States,Chicago,72616,True,new,123.32,False,2021-12-21 10:57:12,
72,Randy,Harmon,esmith@example.com,001-769-466-4160,France,Bordeaux,49824,True,new,149.09,True,2021-09-22 15:32:54,
73,Laurie,Montgomery,christopher13@example.com,001-468-316-4535,Germany,Cologne,59856,True,casual,1826.16,True,2024-10-31 16:47:34,
74,William,Wilson,rebeccabailey@example.net,+1-923-912-4329x2127,United States,Seattle,23006,True,casual,1288.48,True,2022-10-08 13:47:20,
75,Erin,Macias,michelle52@example.com,,France,Paris,63545,True,casual,1409.81,True,2024-10-31 15:59:26,
76,Carlos,Ramos,laura90@example.com,814.977.0054x11998,Spain,Madrid,25297,True,new,118.17,False,2023-04-02 22:37:21,
77,Betty,Best,colelisa@example.net,759.378.2071,Germany,Stuttgart,29528,True,new,123.99,True,2023-04-06 06:59:33,
78,William,Thompson,jasmineritter@example.net,392.855.4665x90515,Australia,Perth,3018,True,casual,1408.49,False,2024-12-27 04:39:12,
79,Justin,Cummings,mathewaguilar@example.org,(346)829-1486x528,United Kingdom,Edinburgh,B7 6WJ,True,new,13.7,False,2021-03-22 08:37:35,
80,William,Smith,henry35@example.com,232.721.4188,Australia,Adelaide,2329,True,vip,32466.04,False,2022-06-29 07:10:03,
81,Nancy,Williamson,lmoore@example.net,001-592-670-6537x947,Spain,Madrid,40802,True,casual,875.86,True,2023-12-18 01:51:25,
82,Tammy,Mueller,michealvalentine@example.com,946.788.6239x240,Spain,Valencia,36244,True,new,68.22,False,2021-04-25 00:20:11,
83,Angela,Garcia,mitchellkathryn@example.com,782.561.3750x606,United States,Austin,81118,True,new,61.99,True,2024-12-06 07:27:11,
84,Paul,Miller,anthonygalvan@example.net,+1-252-620-4727x7901,United States,Los Angeles,45003,True,casual,1862.58,True,2022-02-12 01:03:15,
85,Jason,Hernandez,srodriguez@example.org,510-436-9711x7980,Germany,Stuttgart,30758,True,vip,36643.63,True,2023-08-24 11:12:35,
86,Kelly,Smith,john62@example.net,+1-818-751-8888x8067,Spain,Madrid,52448,True,loyal,5736.19,False,2022-04-24 08:55:08,
87,Jon,Smith,cooperjessica@example.net,995-920-5852,Spain,Barcelona,39935,True,loyal,4760.48,False,2022-03-26 09:17:12,
88,Crystal,Cain,baldwinsherry@example.org,530-630-5486x8740,Australia,Perth,4784,True,loyal,3770.97,True,2025-04-27 11:39:55,
89,Michael,Norman,joshua56@example.com,001-876-452-7758x416,Spain,Barcelona,39264,True,casual,755.74,True,2025-02-13 19:06:41,
90,Amy,Morris,murphykenneth@example.com,,Germany,Stuttgart,41300,True,new,35.03,False,2024-04-04 20:22:34,
91,Carrie,Simmons,cbell@example.net,(996)240-1658x202,Netherlands,Utrecht,3492 SB,True,casual,1054.35,True,2022-01-28 05:36:14,
92,David,Young,michael90@example.net,(775)857-1928,Spain,Madrid,19447,True,new,130.64,False,2024-06-27 18:13:16,
93,Leonard,Ramirez,johnsonjacob@example.net,(381)944-7394x7312,Netherlands,Amsterdam,6383 YU,True,new,143.12,False,2024-03-26 15:33:15,
94,Gerald,Reeves,cochrantammy@example.com,+1-451-588-4422x5831,United Kingdom,Manchester,X5 4CP,True,new,114.06,False,2021-11-02 20:27:04,
95,Kristy,Johnson,tanner82@example.net,314-467-8669,United States,New York,52516,True,new,44.01,False,2021-06-24 08:33:10,
96,Teresa,Day,howens@example.com,(489)622-6801,France,Lyon,32946,True,casual,1258.03,True,2021-09-03 08:18:24,
97,Fred,Morris,michaeleverett@example.com,343-484-2498,Germany,Frankfurt,93611,True,casual,973.18,False,2023-03-01 01:55:23,
98,Brittany,Carpenter,donnale@example.net,690-601-0943x96907,France,Paris,67898,True,new,148.15,True,2023-12-10 15:14:24,
99,Timothy,Ballard,eevans@example.net,4277677359,Australia,Melbourne,5151,True,new,16.0,False,2025-02-10 06:36:16,
100,Michelle,Flores,theresa25@example.net,+1-415-337-1473,United States,Boston,96275,True,casual,621.51,True,2024-05-14 17:24:55,
101,Brent,Dougherty,kwright@example.com,001-953-227-8774,Spain,Valencia,25081,True,new,32.85,True,2023-12-31 14:57:16,
102,Christopher,Long,nlevy@example.net,(400)647-9748x016,France,Lille,22735,True,casual,686.97,True,2021-05-03 11:33:37,
103,Jessica,Gallagher,brandon09@example.net,658.341.6878,Australia,Brisbane,8123,True,new,26.35,True,2024-07-14 22:09:22,
104,David,Davis,laura58@example.com,001-923-498-6800x025,Australia,Melbourne,4105,True,new,145.11,True,2025-02-06 01:10:41,
105,Catherine,Robertson,sarah52@example.com,+1-749-758-8879x470,United Kingdom,Manchester,H7 9MC,True,new,2.09,False,2024-05-10 21:36:42,
106,Emily,Whitney,laura09@example.com,599-230-9728x962,Netherlands,The Hague,2775 YH,True,casual,147.55,False,2025-01-04 19:51:48,
107,Ashley,Graves,andrewedwards@example.org,(836)789-7028x38578,United Kingdom,Bristol,R5 7DE,True,new,141.94,False,2021-05-21 21:18:11,
108,Sue,Stevens,amy49@example.com,934.784.3443,France,Toulouse,69459,True,loyal,7199.13,False,2024-02-27 16:37:25,
109,Timothy,Castro,keith98@example.com,(652)640-4157x4733,France,Toulouse,95841,True,casual,1684.02,False,2021-11-04 15:35:17,
110,Derrick,Gilbert,johnsantiago@example.net,230.416.5712,Germany,Frankfurt,68287,True,casual,1725.36,True,2023-01-04 13:50:03,
111,Richard,Donovan,mwoods@example.com,,Canada,Toronto,R4J 1T1,True,vip,41368.63,True,2022-10-21 23:45:21,
112,Manuel,Brewer,pearsonjesse@example.net,001-302-762-0672x400,France,Bordeaux,36896,True,new,124.47,False,2021-08-02 03:56:37,
113,Justin,Hays,ismall@example.net,543.415.2742x054,France,Bordeaux,10371,True,new,128.76,True,2023-05-12 11:06:39,
114,Cheryl,Fowler,gwilcox@example.com,661-822-7530,United States,Los Angeles,11947,True,new,118.5,True,2024-01-19 00:28:48,
115,Joe,Molina,kevin90@example.com,+1-753-501-7426x8414,Netherlands,Eindhoven,2862 CS,True,new,116.7,False,2024-10-24 17:49:21,
116,Jeffrey,Anderson,spencerzhang@example.com,(387)283-3918x78519,United States,Austin,96363,True,loyal,5393.36,False,2023-07-27 03:11:15,
117,Maria,Leach,ashleyhernandez@example.com,971.239.7187x07286,United Kingdom,Glasgow,R2 2LW,True,new,9.85,True,2022-04-06 20:34:19,
118,Angelica,Chambers,jennifer64@example.org,001-639-810-6518x017,Australia,Perth,6141,True,new,14.88,False,2024-08-29 13:59:12,
119,Hector,Taylor,ybrooks@example.com,(261)282-5128x6823,Germany,Frankfurt,69186,True,casual,886.25,False,2022-12-11 21:42:57,
120,Tiffany,Ford,opatel@example.org,352.343.1069x033,Canada,Montreal,P2V 1C1,True,new,64.78,False,2021-10-17 15:44:24,
121,Brittney,Griffin,sanchezbradley@example.com,783.702.8439,Canada,Toronto,S5S 0M9,True,new,52.75,False,2023-08-29 17:52:43,
122,Joel,Walter,roberthill@example.net,001-726-887-0568,United Kingdom,Birmingham,U6 2JV,True,new,121.08,False,2022-12-04 15:38:39,
123,Ricky,Evans,karenwells@example.org,527-708-6688x2634,United States,Seattle,96223,True,casual,155.01,True,2023-04-11 22:20:52,
124,Deborah,Nielsen,christopher30@example.com,(299)501-3983x7354,France,Lyon,84228,True,new,10.44,False,2024-05-30 04:38:49,
125,Sharon,Hayden,burgesskaren@example.org,001-693-663-8546x785,Netherlands,Utrecht,8432 LF,True,new,46.75,False,2024-02-24 17:09:30,
126,Michael,Andrade,ugarcia@example.com,001-853-655-6093x204,France,Lyon,90981,True,loyal,7228.73,True,2021-06-04 14:33:36,
127,Elijah,Rivera,phudson@example.com,+1-454-977-7252,Australia,Melbourne,8184,True,new,17.07,False,2025-05-11 19:18:35,
128,Jack,Preston,warrenmary@example.org,+1-900-962-3120x3875,Australia,Sydney,3806,True,new,147.67,True,2024-05-13 00:58:28,
129,Alfred,Patel,hsmith@example.net,584-608-6211x823,Australia,Brisbane,4687,True,casual,114.69,False,2022-01-08 18:40:53,
130,Lisa,Adams,zmiller@example.com,001-833-941-0166,Canada,Toronto,R0S 0T1,True,casual,1193.94,True,2023-08-31 15:29:32,
131,Brian,Smith,christopherbruce@example.net,291-480-3397x40148,United States,Chicago,32527,True,new,124.8,False,2024-11-30 11:18:40,
132,Sarah,Edwards,brendagoodwin@example.net,(714)229-3968x5621,Netherlands,Eindhoven,2288 NK,True,new,33.24,False,2023-11-21 19:56:43,
133,Connor,Hall,petersonkayla@example.net,(850)347-7358x6629,Germany,Hamburg,56019,True,new,35.44,True,2022-04-04 20:33:08,
134,Kelsey,Phillips,jennifermiller@example.org,(426)355-1104x7541,United Kingdom,Manchester,X8 8VV,True,casual,1394.15,False,2024-10-26 16:48:07,
135,Jacob,Cole,fgarcia@example.com,+1-819-395-6046,Canada,Vancouver,T1V 7M4,True,new,52.79,True,2021-06-24 12:29:48,
136,Jenny,Hansen,ashleyjackson@example.com,(824)644-7212,Australia,Sydney,7281,True,new,92.25,False,2021-10-08 12:59:43,
137,Robert,Washington,wardsheryl@example.net,+1-879-793-7124x0659,United States,Houston,84928,True,casual,710.9,True,2022-08-08 20:09:07,
138,Scott,Jordan,kevinmorrison@example.net,575.726.5479,Canada,Toronto,X2B 3T7,True,new,54.58,False,2022-05-09 04:58:31,
139,Nicholas,Velasquez,kdiaz@example.org,001-382-880-7374,United States,Boston,92691,True,casual,225.23,True,2023-11-06 17:15:50,
140,Emily,Taylor,john26@example.com,279-779-6886,France,Marseille,20682,True,casual,1841.82,True,2022-03-16 09:39:51,
141,Jacqueline,Burnett,rodriguezjohn@example.net,(529)509-6561x014,United Kingdom,Birmingham,U7 6EY,True,new,96.9,False,2021-10-18 08:21:29,
142,Sean,Myers,michaeljohnson@example.org,961-312-5457x3875,Germany,Hamburg,73736,True,new,33.98,True,2022-08-20 12:56:52,
143,Samuel,Horton,carlos01@example.org,412-438-2825x86736,United States,Austin,54140,True,new,89.59,True,2022-02-12 03:43:29,
144,Danielle,Reynolds,mclaughlinnicole@example.com,001-366-403-3419,France,Lille,67366,True,casual,880.63,False,2021-05-16 17:56:37,
145,Michael,Gonzalez,bakermichelle@example.net,+1-659-369-6915x5792,Spain,Barcelona,44996,True,new,46.42,False,2023-01-14 01:41:44,
146,Emily,Edwards,kevinwhite@example.net,(486)969-2966,Spain,Seville,28466,True,new,75.44,False,2024-04-01 10:28:21,
147,Cynthia,Steele,angelaburns@example.org,(557)890-5072,Australia,Sydney,7252,True,casual,1760.82,True,2025-02-02 03:26:11,
148,Tamara,Wagner,fortiz@example.com,001-677-421-9034x043,Australia,Sydney,8251,True,loyal,3818.73,False,2022-05-14 01:45:15,
149,Kimberly,Cunningham,hdunn@example.net,848-358-0783,Germany,Frankfurt,55820,True,loyal,5026.62,True,2021-03-24 20:40:25,
150,Jill,Valdez,kennethkidd@example.com,451-571-3395x962,Germany,Berlin,51770,True,new,125.88,False,2021-11-04 20:10:23,
151,Lisa,Trujillo,amanda98@example.org,,Spain,Barcelona,40743,True,new,92.3,False,2024-10-25 18:09:01,
152,Mario,Padilla,ashley81@example.org,001-660-842-2325x367,Netherlands,Amsterdam,5720 HK,True,new,7.16,False,2022-01-14 13:40:16,
153,Nicholas,Jones,powellkara@example.net,(577)859-0175x186,Spain,Bilbao,45130,True,new,94.79,False,2021-02-21 01:30:30,
154,Mallory,Simpson,maria58@example.net,,Canada,Vancouver,S2C 8P1,True,new,117.96,False,2025-04-26 05:05:41,
155,David,Phelps,patricia00@example.org,+1-670-312-7706x3242,Netherlands,The Hague,5155 AM,True,new,51.72,False,2021-07-29 21:36:20,
156,Diamond,Wright,elizabeth20@example.com,+1-943-261-1037x1293,Canada,Vancouver,B5Y 5H7,True,casual,1300.3,False,2025-01-26 17:52:13,
157,Alan,Cooper,mcneilrobert@example.org,413.361.1155x4262,Australia,Melbourne,2358,True,new,132.87,False,2022-09-12 17:32:55,
158,Alyssa,Smith,scottbowen@example.net,,Spain,Valencia,12399,True,loyal,3931.94,False,2022-08-17 17:42:17,
159,Kaitlin,Gillespie,fheath@example.org,(619)365-6523,Canada,Calgary,R7R 5H7,True,new,55.1,False,2025-03-26 18:01:58,
160,John,Burke,kimberly04@example.org,398.236.4037x61379,Netherlands,Eindhoven,3956 UK,True,new,15.39,False,2023-09-25 23:15:37,
161,Valerie,Peck,paulcombs@example.com,(282)871-0910x430,France,Lille,68183,True,casual,949.55,False,2023-12-29 05:14:35,
162,William,Fuller,zhenderson@example.org,+1-788-892-4141x8328,United States,New York,97973,True,new,54.5,False,2024-06-16 01:13:48,
163,Brenda,Hines,collinssamuel@example.org,6314617990,Spain,Madrid,18272,True,new,35.4,False,2021-07-28 21:16:58,
164,David,Zimmerman,martinstephanie@example.net,342.952.4105x64814,France,Lille,68972,True,new,55.8,False,2024-02-27 13:07:07,
165,Spencer,Ward,kvillarreal@example.com,(241)591-3800,Australia,Melbourne,9868,True,new,3.89,True,2021-12-19 11:20:31,
166,Brandon,Cox,haroldhorne@example.org,+1-763-353-6541,Australia,Perth,3757,True,new,104.1,False,2023-06-07 06:09:18,
167,Wayne,Winters,jeffreyblack@example.org,(617)544-5187x0534,France,Lille,68341,True,new,121.58,False,2021-09-30 18:09:06,
168,Steven,Vargas,xcuevas@example.org,001-883-620-6038x505,Australia,Brisbane,8974,True,casual,1452.44,False,2022-05-05 08:26:32,
169,Dalton,Moreno,robertwoodward@example.org,001-441-803-8657x191,United Kingdom,Manchester,E4 8AM,True,new,70.11,False,2024-02-21 04:00:37,
170,Charles,Bradley,ibates@example.org,345-465-5743x1329,Netherlands,Utrecht,9612 PP,True,new,18.8,False,2021-08-18 03:15:06,
171,Daniel,Cole,richard85@example.org,447.341.1249x035,France,Bordeaux,93859,True,new,115.17,True,2022-07-20 08:09:17,
172,Jennifer,Schmitt,rpalmer@example.com,320-267-8831x712,France,Marseille,31581,True,loyal,4242.62,False,2022-05-19 05:07:55,
173,Bryan,Norman,davidcolon@example.com,+1-219-994-1013x7215,United Kingdom,Birmingham,G9 5EX,True,loyal,6722.64,True,2023-07-30 20:14:20,
174,Brent,Glass,zunderwood@example.com,9664253244,France,Lille,91851,False,casual,1700.81,True,2023-11-15 22:44:27,
175,Austin,Harvey,deborahporter@example.net,701.946.2638x3806,Australia,Melbourne,8282,True,new,92.72,True,2024-07-18 06:57:42,
176,Amy,Washington,paul20@example.com,+1-530-540-7859x321,Australia,Perth,4006,True,casual,665.12,True,2024-06-15 16:27:12,
177,Joseph,Velasquez,gallagherstacie@example.net,(452)523-9559x0599,Germany,Hamburg,89516,True,new,46.89,False,2022-03-23 08:42:50,
178,Mary,Cochran,lweaver@example.com,2107393087,France,Marseille,77499,True,vip,24594.03,True,2021-11-26 21:38:53,
179,Samantha,Harris,matthewthompson@example.com,7028921851,Australia,Perth,9079,True,new,37.24,False,2024-07-23 02:23:10,
180,Brenda,Rogers,derek26@example.net,452.289.5392x6442,Canada,Vancouver,H7X 7V4,True,casual,144.03,False,2025-03-26 06:36:56,
181,Stacy,Fry,xrosales@example.net,4297593917,Canada,Toronto,B4V 9V4,True,new,127.08,False,2021-01-26 09:45:04,
182,Julie,Young,gary15@example.com,2438315410,Canada,Toronto,R0Y 3P8,True,casual,239.71,True,2023-06-16 15:42:09,
183,Samuel,Barnes,nicolesnyder@example.com,(286)717-9327x104,United Kingdom,Manchester,D7 6LU,True,vip,47258.19,True,2024-02-10 21:35:13,
184,Jose,Garcia,george62@example.net,481-859-9706,France,Lille,53652,True,new,77.9,True,2025-01-11 20:55:27,
185,Eric,Garcia,terriortiz@example.net,001-284-744-3106x987,Canada,Vancouver,R9M 9N8,True,loyal,6024.89,False,2025-05-03 15:02:16,
186,Adam,Miller,bgonzalez@example.org,(641)371-4677,United Kingdom,Glasgow,V5 1WS,True,new,145.06,False,2023-04-05 23:23:02,
187,Darlene,Hughes,nicole52@example.com,,Spain,Barcelona,44356,True,casual,380.77,False,2024-03-27 05:02:46,
188,Bradley,Gonzales,jeremy49@example.org,(211)858-6938,United States,Houston,51116,True,new,22.71,False,2024-07-25 02:31:20,
189,Loretta,Barnes,parmstrong@example.com,416-508-9899x2172,United States,Austin,28098,True,loyal,3262.4,True,2025-05-31 11:49:24,
190,Lindsey,Martinez,rmiller@example.com,829.745.1168,France,Toulouse,79878,True,new,81.94,False,2023-11-30 13:45:08,
191,Melissa,Stone,buchanancindy@example.net,(716)822-9991x19148,Australia,Adelaide,5966,True,loyal,9637.37,True,2022-08-21 08:15:19,
192,Joseph,Pena,rjohnson@example.com,(999)660-6530,Australia,Melbourne,7654,True,vip,24486.12,True,2025-02-28 06:42:45,
193,Penny,Smith,larry71@example.org,(947)554-6913,United Kingdom,Edinburgh,Y9 7NM,True,new,43.57,True,2022-04-01 02:03:05,
194,Robin,Russell,xmalone@example.org,521.248.6289x02330,Australia,Perth,3752,True,new,124.19,True,2022-09-20 19:16:56,
195,Stephen,Hull,joshuacolon@example.net,(710)435-7972x7985,Germany,Munich,16653,True,new,95.69,True,2022-12-03 03:17:51,
196,Mary,Green,mitchellpaul@example.org,001-233-933-4680,France,Paris,82135,True,new,61.04,False,2022-05-06 16:56:25,
197,Rhonda,Holland,walkercharlene@example.com,001-846-365-7437x489,Australia,Brisbane,4338,True,new,136.19,True,2021-07-03 19:28:55,
198,Adrian,Key,anna99@example.com,517-215-4544x4328,United States,Los Angeles,64773,True,casual,1874.45,True,2022-07-01 03:45:20,
199,Linda,Lang,rguerrero@example.org,001-507-944-6660x993,Australia,Sydney,2075,True,new,85.19,True,2023-07-17 01:44:09,
200,Rebecca,Powers,megan82@example.com,772-548-2513,Spain,Barcelona,43044,True,vip,22187.53,False,2024-12-25 02:09:29,
201,Julie,Parker,nathan94@example.com,370-899-9173,France,Paris,54185,True,casual,1178.78,False,2023-07-06 14:36:10,
202,Alyssa,Gutierrez,derrickgonzalez@example.com,001-772-252-1752,Netherlands,Eindhoven,6372 CN,True,loyal,3070.64,True,2021-10-24 08:25:44,
203,Adam,Hill,barbaramoore@example.org,,Germany,Frankfurt,44995,True,new,45.29,False,2023-10-22 02:38:38,
204,David,Hamilton,epowell@example.com,2082350583,United States,Austin,25495,True,casual,682.93,True,2024-12-16 22:21:56,
205,Courtney,Wright,larry16@example.net,001-742-810-4478,Australia,Sydney,7232,True,casual,798.33,True,2023-07-06 15:35:53,
206,Pamela,Cowan,wendy75@example.org,(460)333-2309,Canada,Calgary,Y7Y 3K9,True,new,78.83,False,2021-09-12 08:41:33,
207,Michael,Santos,brooksdanielle@example.net,+1-609-901-0016x761,Germany,Cologne,80341,True,new,24.68,False,2022-04-11 13:48:13,
208,Jacqueline,Harris,turnerdorothy@example.net,549.592.6189x14117,Spain,Madrid,43447,True,casual,1636.51,True,2024-10-16 01:35:48,
209,Kimberly,Decker,michaelortiz@example.org,3873375300,Spain,Valencia,11426,True,new,38.17,True,2024-05-15 04:04:32,
210,Mary,Caldwell,stacychan@example.org,001-714-737-4470x120,United Kingdom,Edinburgh,B2 8BK,True,new,27.0,True,2024-06-24 07:19:42,
211,Ronald,Wilson,smithdevon@example.net,(455)379-4155,Canada,Calgary,T6R 1Y2,True,vip,14168.92,False,2023-12-17 11:36:09,
212,Richard,Rivers,mary76@example.net,(912)402-1697,United States,Boston,12979,True,vip,32076.2,False,2023-07-16 23:33:25,
213,Cheryl,Maxwell,huffmannichole@example.net,(777)216-7014,Spain,Valencia,20166,True,new,28.27,False,2023-05-07 09:56:01,
214,Janet,Gregory,tiffanysantiago@example.com,489.916.3756x28900,United States,Los Angeles,37011,True,casual,291.7,True,2021-07-29 01:34:25,
215,Melissa,Booth,waltonmalik@example.com,908-338-6631x779,United States,Houston,67535,True,new,80.96,False,2022-12-30 01:36:10,
216,Melissa,West,hooperjulie@example.org,666-508-8019,Germany,Stuttgart,85511,True,vip,38028.69,False,2023-09-18 19:10:58,
217,Diamond,Bryant,michael03@example.com,789-397-5711x30554,Germany,Frankfurt,49387,True,loyal,2018.14,False,2023-05-05 20:57:49,
218,Brandon,Martin,lydianewton@example.com,549-733-1637,Netherlands,Eindhoven,9120 BM,True,casual,1593.03,True,2024-03-30 04:56:57,
219,Daniel,Perry,bartonshannon@example.net,001-982-470-8086,Spain,Barcelona,24768,True,new,128.63,True,2023-07-24 08:31:56,
220,Heather,Thompson,dalesandoval@example.net,686-769-3465x47226,Netherlands,Eindhoven,9683 EN,True,new,38.25,False,2023-01-25 12:50:36,
221,Jennifer,Walls,jamesweber@example.com,+1-652-828-8515x8799,Germany,Berlin,45187,True,new,101.05,False,2024-03-17 19:40:57,
222,Lindsey,Mills,jamesbrian@example.org,242.744.2043,Germany,Frankfurt,37379,True,casual,676.06,False,2023-11-01 11:37:06,
223,Lisa,Garcia,juliahoffman@example.org,540.766.6580x04397,Spain,Barcelona,49610,True,casual,853.6,True,2022-09-28 09:36:19,
224,Kari,Payne,kimberlybrandt@example.com,621.422.8160x648,Canada,Montreal,L5X 7T1,True,new,114.24,False,2024-12-29 15:44:35,
225,Eugene,Singleton,riverajenna@example.org,7253909479,Germany,Stuttgart,29126,True,new,39.12,False,2021-02-20 09:26:36,
226,Kristen,Stewart,susanmeyer@example.net,(768)786-1533,Canada,Vancouver,R9K 7Y5,True,new,114.5,False,2023-03-11 11:40:24,
227,Michael,Robinson,wbarajas@example.net,7158739930,Canada,Vancouver,G8V 2Y0,True,new,125.86,True,2021-04-16 02:04:55,
228,Ruth,Landry,uscott@example.com,5857887704,France,Lille,40334,True,new,106.08,True,2021-07-31 04:03:24,
229,Willie,Vaughan,teresaayala@example.net,,Spain,Seville,11030,True,casual,1111.2,True,2021-01-21 13:03:10,
230,Adrian,Jones,michellecoleman@example.org,386.312.0750,Australia,Sydney,6114,True,new,120.93,False,2024-08-30 17:51:54,
231,Brian,Bauer,andrewsjeremy@example.com,(267)366-5061x80919,Germany,Cologne,79003,True,new,122.28,True,2023-02-24 05:39:52,
232,Michael,Shaw,kristin49@example.org,476-660-7283x2684,Germany,Stuttgart,39603,True,new,102.61,False,2023-07-21 23:43:49,
233,Erica,Sloan,susan08@example.net,(310)609-9688,United Kingdom,Glasgow,N7 9SB,True,casual,1435.41,True,2021-01-30 08:39:20,
234,Jason,Figueroa,jason82@example.org,(939)343-1290,United Kingdom,Edinburgh,B4 4VS,True,new,6.98,True,2023-04-23 06:18:44,
235,Kelly,Jones,gonzalezbeverly@example.com,(623)414-9135x775,United States,Los Angeles,51220,True,casual,1926.79,True,2021-02-18 15:33:07,
236,Ariana,Diaz,susan20@example.com,936.745.2577,United Kingdom,Birmingham,F4 7YU,True,new,57.58,False,2023-10-28 15:34:11,
237,Kim,Tucker,thompsoncatherine@example.com,(883)541-1080,Canada,Toronto,E6K 1N9,True,new,145.34,False,2024-05-17 12:19:22,
238,Rebecca,Arnold,jvaldez@example.com,(539)442-7881x6580,Germany,Hamburg,82487,True,new,64.78,False,2024-03-12 09:51:56,
239,Katherine,Taylor,haroldfry@example.net,(775)503-7314,Germany,Stuttgart,19634,True,casual,609.15,True,2021-09-12 21:11:51,
240,Brad,Clark,paul70@example.org,+1-351-684-4989x2665,Canada,Toronto,C0M 7P4,True,new,19.88,True,2021-11-14 14:55:37,
241,Nicholas,Solomon,wgomez@example.com,490.482.7231x8432,United States,New York,56388,False,new,89.54,False,2021-10-17 03:22:27,
242,Michael,Love,guerrerorobert@example.com,001-417-477-3926x030,United Kingdom,Bristol,U4 9FY,True,new,25.43,True,2024-03-28 21:26:15,
243,Crystal,Williams,brianscott@example.org,869.490.4137x97723,Australia,Perth,4455,True,new,117.4,False,2025-02-13 10:54:13,
244,Laura,Hoover,cindydixon@example.org,001-857-499-1366x210,Germany,Frankfurt,24021,True,new,45.7,False,2022-02-25 22:49:53,
245,Catherine,Thompson,richamanda@example.org,772-298-0686,Canada,Calgary,N6G 4N9,True,loyal,5571.58,True,2022-09-17 00:34:20,
246,Heidi,Patterson,yclarke@example.com,001-691-862-4731,Spain,Bilbao,25887,True,casual,814.51,False,2023-10-10 11:50:21,
247,Jonathan,Smith,lanedavid@example.org,(735)665-1269x4486,France,Lille,82102,True,casual,1910.71,True,2021-03-25 15:00:36,
248,Victoria,Sanders,robertbowers@example.com,(858)487-4495,United Kingdom,Glasgow,Y8 3XK,True,new,37.9,True,2023-01-22 22:24:22,
249,Melissa,Hopkins,seanlyons@example.org,838-265-8902,Spain,Bilbao,36267,True,new,138.52,False,2025-04-23 23:46:35,
250,Linda,Morrow,bfrost@example.org,643-251-9066,United Kingdom,London,H6 3XW,True,vip,37287.46,False,2021-05-18 15:00:02,
251,Sonya,Wilkins,mgonzales@example.net,443.309.8839x20530,Netherlands,Amsterdam,1172 DJ,True,new,76.6,False,2022-11-21 17:36:01,
252,Wendy,Chan,elizabeth69@example.org,901.818.4895x54393,Netherlands,Utrecht,9199 EM,True,new,72.42,True,2021-03-18 07:31:27,
253,Bailey,Green,jhunter@example.org,745.918.4894x76973,France,Marseille,50880,True,loyal,5370.33,True,2023-12-02 20:54:21,
254,Erin,Mosley,olsonjonathan@example.com,,Spain,Valencia,14402,True,new,6.7,False,2023-07-22 21:18:46,
255,Cynthia,Gamble,laurengutierrez@example.com,780.543.4165x18275,France,Lille,41970,True,new,26.17,True,2025-05-23 03:17:39,
256,Patricia,Adams,victorgonzalez@example.net,343.333.3952,Netherlands,Rotterdam,4053 XY,True,new,59.34,False,2024-09-04 14:16:49,
257,Samantha,Lowe,waustin@example.net,4756957947,United States,Austin,38153,True,new,41.75,False,2022-10-02 08:24:11,
258,Raymond,Christensen,brianlloyd@example.com,+1-908-756-2718,France,Marseille,52727,True,casual,969.35,True,2022-09-05 06:55:23,
259,Hannah,Smith,nicolasgarcia@example.com,+1-942-884-3479x552,Netherlands,Eindhoven,7431 VD,True,casual,768.77,True,2023-12-17 23:08:29,
260,Jason,Haynes,michael64@example.com,(892)893-1438,United Kingdom,Bristol,E6 2HK,True,loyal,3055.88,False,2021-12-30 08:20:33,
261,James,Marsh,thomassmith@example.com,428.285.7448x9061,Netherlands,Utrecht,4043 SX,True,new,83.24,False,2022-06-23 05:19:22,
262,Jason,King,colematthew@example.com,(488)645-0615x939,United States,Boston,57059,True,new,72.69,True,2021-01-30 18:35:35,
263,Michael,Nunez,champton@example.org,(494)772-2569x9611,Netherlands,Utrecht,7809 ZR,True,casual,417.78,True,2025-02-27 08:04:37,
264,Jeremy,Stewart,jennifer96@example.com,359.587.6220x234,Germany,Cologne,47836,True,new,117.11,False,2022-06-07 14:34:12,
265,Garrett,Garcia,zunigathomas@example.org,8686114921,United Kingdom,Birmingham,U6 9BR,True,new,148.47,True,2022-11-10 23:40:03,
266,Jerome,Rojas,isims@example.net,(900)455-7784,United States,Houston,44447,True,new,129.33,True,2023-12-19 23:46:58,
267,Tara,Wolfe,brittanybryant@example.net,+1-796-888-4578x3174,Germany,Stuttgart,87060,True,loyal,8818.91,False,2023-12-26 08:55:49,
268,Jordan,Torres,millskatherine@example.org,(547)280-7740x649,Germany,Berlin,84720,True,casual,1111.33,True,2023-12-26 22:41:52,
269,Amy,Lopez,kfoster@example.net,001-666-834-1638x944,Australia,Adelaide,9374,True,new,20.34,False,2021-10-23 20:30:10,
270,Jacob,Jones,keithwalsh@example.net,349.673.5020x802,France,Lille,27392,True,new,21.94,False,2023-02-15 17:17:04,
271,Joseph,Espinoza,halledward@example.com,356.447.5705,France,Bordeaux,92890,True,new,94.17,False,2023-04-15 21:00:10,
272,Brian,Rowe,danielshunter@example.com,,Netherlands,Eindhoven,5558 ZM,True,casual,1905.48,True,2024-11-13 16:33:52,
273,Lisa,Clayton,villegasjennifer@example.com,001-273-303-7183x764,Spain,Valencia,14150,True,casual,513.88,True,2024-05-20 15:50:41,
274,Jon,Little,michaelwilliams@example.net,,Canada,Ottawa,G9V 5B0,True,loyal,6822.53,False,2021-11-06 08:49:50,
275,Jeff,Rodriguez,knguyen@example.com,001-416-730-0979,Spain,Madrid,38036,True,new,149.35,False,2022-09-21 13:56:18,
276,Kelli,Wright,ndavis@example.com,001-500-252-8127x358,Australia,Sydney,7362,True,loyal,3628.31,True,2024-01-25 20:00:36,
277,Hannah,Howard,johnwilliams@example.net,684.487.3928x557,Australia,Melbourne,5516,True,new,105.55,True,2021-10-11 08:18:15,
278,Casey,Moore,lori85@example.com,7863209593,Spain,Madrid,10528,True,new,122.57,False,2023-12-04 10:44:43,
279,Dominique,Ryan,rlee@example.com,001-482-294-5651x181,Netherlands,Amsterdam,2678 DL,True,new,132.15,True,2024-02-16 23:23:08,
280,James,Washington,johnsondarlene@example.com,+1-378-999-4053x9103,France,Paris,79534,True,new,91.55,True,2021-01-27 07:55:20,
281,Laurie,Brown,yshort@example.net,3943801413,Netherlands,Eindhoven,8248 GC,True,casual,366.02,True,2021-11-09 03:13:19,
282,Jessica,Schmidt,jamessandoval@example.net,+1-828-786-1957x6122,France,Lyon,46302,True,new,37.23,False,2021-09-19 18:02:23,
283,Diane,Ferguson,umahoney@example.net,956-965-9398x36845,United States,Boston,96298,True,loyal,3246.29,False,2023-07-27 04:36:17,
284,Susan,Smith,birdcaitlin@example.net,(440)343-3504,Germany,Frankfurt,60578,True,casual,558.06,False,2021-12-17 06:46:36,
285,Benjamin,Kelly,josephpreston@example.org,,Canada,Montreal,G6S 5Y2,True,new,143.17,False,2025-01-03 09:23:45,
286,Jesse,Shepherd,duncanashley@example.org,001-315-272-7919x409,United States,New York,62163,True,new,42.97,False,2025-04-23 23:37:28,
287,Sandra,Cook,hbutler@example.org,001-590-460-4805x892,France,Marseille,20957,True,new,11.85,False,2023-08-21 20:19:57,
288,Brent,Dennis,wmaddox@example.net,001-781-336-4622,United Kingdom,Birmingham,P4 1HC,True,new,17.4,False,2024-09-11 21:26:41,
289,Thomas,Mcgee,zbaker@example.net,(522)378-3769x38983,France,Paris,11660,True,casual,1432.85,True,2022-03-03 07:15:11,
290,Joseph,Jordan,rodriguezrobert@example.com,(435)959-0425x979,Australia,Melbourne,5046,True,casual,1524.58,False,2022-01-30 08:37:55,
291,Brady,Meyers,ginamoore@example.net,310-639-2405,Canada,Calgary,L8C 4C7,True,loyal,5841.65,True,2024-11-15 06:00:23,
292,Shannon,Johnson,jodylewis@example.net,,United Kingdom,Edinburgh,Y2 4TA,True,new,128.8,True,2021-05-17 19:42:15,
293,Alexandra,Green,jdean@example.net,001-606-298-0420x439,France,Paris,82465,True,loyal,3408.38,True,2024-07-26 22:26:31,
294,Steven,Landry,pricejoseph@example.net,(310)446-3681x579,Canada,Toronto,X0H 3X0,True,loyal,2085.87,True,2024-05-30 15:07:25,
295,James,Rasmussen,williamssandra@example.com,876-220-5554x38404,Spain,Madrid,34177,True,new,43.74,False,2022-09-16 11:07:33,
296,Sherry,Avery,edwardprince@example.net,,Spain,Barcelona,45819,True,new,22.58,False,2023-02-01 13:59:04,
297,Derrick,Blair,robertberry@example.com,495-878-2329x8324,United States,Chicago,10191,True,casual,1713.11,False,2024-03-15 01:05:05,
298,Wendy,Daugherty,dianacunningham@example.org,618-481-2520x56647,Spain,Madrid,19330,True,new,13.95,False,2023-05-20 09:17:04,
299,Kimberly,Rodriguez,anthonyodom@example.net,499-993-9330x517,Canada,Calgary,C9E 8G6,True,casual,1224.6,True,2021-08-21 11:45:54,
300,Jennifer,Brooks,ihenry@example.org,530.360.4633,Canada,Calgary,N5T 4K1,True,new,20.42,False,2022-09-22 19:20:56,
301,Gregory,Blevins,fcamacho@example.net,273-366-0965x69998,Canada,Calgary,E8P 3T4,True,new,39.75,True,2024-12-10 13:37:34,
302,Shannon,Wilcox,richjohn@example.net,(408)868-0347x6447,United States,Los Angeles,52964,True,loyal,2275.31,True,2022-04-06 19:49:27,
303,Kelly,Ellison,stevenlucas@example.org,001-981-529-8266x570,Australia,Melbourne,2254,True,casual,1723.74,True,2024-06-10 09:40:11,
304,Nicole,Davis,heather21@example.org,875-818-6892,France,Paris,11567,True,new,124.56,False,2021-07-11 14:23:14,
305,Bradley,Jackson,ariana22@example.org,(406)544-7421,United Kingdom,Edinburgh,V5 2AC,True,new,135.37,False,2022-09-07 09:20:01,
306,Adam,Cannon,ellismelissa@example.net,9973339776,Canada,Toronto,B7B 2S6,True,loyal,1750.6,False,2025-03-22 09:51:55,
307,Carolyn,Smith,christine83@example.org,(620)750-2099,Australia,Perth,9237,True,new,5.2,False,2022-04-07 18:45:40,
308,Samantha,Williams,kchaney@example.net,799-898-2795x0145,Spain,Madrid,15748,True,new,57.45,False,2023-05-20 05:36:34,
309,Lori,Chang,carterdennis@example.net,358-968-3390x198,United States,Houston,57069,True,new,81.68,False,2025-01-30 07:51:51,
310,Jennifer,Jacobs,ronald54@example.net,001-995-429-9787,France,Paris,51795,True,new,4.4,False,2022-11-12 11:19:45,
311,Nicole,Hall,tiffany01@example.org,513.696.6055x830,Canada,Ottawa,K2E 3K4,True,new,114.61,False,2021-06-23 16:51:04,
312,Jonathan,Jones,william50@example.org,+1-455-969-9023x5577,France,Lyon,41005,False,new,120.93,False,2023-09-16 00:07:27,
313,Eric,Murray,steven60@example.net,,France,Bordeaux,34672,True,casual,1130.04,True,2025-03-10 07:05:05,
314,Kevin,Hardy,angela03@example.net,+1-455-312-4056x8299,United States,Seattle,72650,True,casual,730.29,False,2021-01-03 02:57:54,
315,Michelle,Walton,jennifer46@example.org,335.974.3842x1503,Canada,Toronto,A2G 1X5,True,new,56.04,False,2021-08-14 08:20:54,
316,William,Lloyd,jamesmclean@example.net,645.221.8230x76810,France,Lyon,67261,True,new,97.38,True,2025-02-22 16:15:59,
317,Gloria,Wheeler,cookpamela@example.org,340.694.3533x44857,Canada,Vancouver,H6M 4G2,True,loyal,9564.7,False,2021-01-06 14:03:41,
318,Edward,Hill,mullenanita@example.org,585.485.4249,United States,Los Angeles,88956,True,vip,55893.99,False,2023-09-16 15:58:21,
319,Charles,Austin,amber02@example.org,701.660.1662x9979,France,Marseille,20198,True,loyal,4447.89,True,2023-01-10 10:15:45,
320,Martin,Gonzalez,beltrankatelyn@example.com,,Canada,Calgary,A4J 3C5,True,loyal,8189.67,False,2023-03-09 09:48:11,
321,Ashley,Davis,tdavis@example.net,+1-977-933-2945x6255,France,Toulouse,74629,True,new,52.68,False,2024-03-22 14:51:23,
322,Anthony,Alvarez,timothy24@example.com,,Germany,Munich,69151,True,casual,1618.47,True,2021-08-18 00:10:13,
323,Cassandra,Anderson,sullivanjennifer@example.org,981-848-7696x39382,Canada,Vancouver,R2C 8C5,True,new,105.68,False,2025-02-08 19:27:48,
324,Carl,Clark,bmueller@example.net,983-421-9719x97581,United States,New York,53397,True,new,146.16,False,2022-10-01 14:57:14,
325,Kyle,Sullivan,jenningscandace@example.com,970-513-2902x27846,Australia,Brisbane,3945,True,new,7.45,False,2021-10-26 00:00:35,
326,Jamie,Rich,ashley46@example.net,(219)209-8624x058,Netherlands,Amsterdam,5825 YX,True,new,29.95,True,2025-02-01 07:52:52,
327,Jacqueline,Hoover,daniel40@example.org,(896)756-6668x32723,United Kingdom,Birmingham,N8 8YJ,True,new,96.28,False,2021-10-11 03:39:28,
328,Mary,Moore,dennisjones@example.org,(876)421-2679,United States,Chicago,67637,True,new,39.51,False,2024-12-15 21:14:05,
329,Shawn,Coleman,ocruz@example.org,(990)797-3846x89500,United Kingdom,London,Y6 9PV,True,casual,1151.84,False,2022-12-08 20:34:51,
330,Daniel,Olson,thomasjessica@example.com,281.789.1371x894,Spain,Bilbao,25443,True,new,44.83,False,2025-01-19 16:41:23,
331,Amanda,Smith,ehunt@example.net,001-956-454-4209x494,France,Paris,68856,True,casual,1903.22,True,2022-06-22 02:47:25,
332,Ashley,Douglas,lisa90@example.com,312.481.4429x4440,United Kingdom,Bristol,P4 3WJ,True,new,136.62,False,2023-09-21 10:14:59,
333,Renee,Stevenson,lwood@example.com,001-837-828-0512x927,Canada,Montreal,X7A 9X6,True,new,62.17,True,2021-12-16 14:00:46,
334,John,Alexander,jasonnavarro@example.com,9415027674,United Kingdom,Edinburgh,D5 9MP,True,loyal,4755.87,True,2023-04-01 15:27:16,
335,Noah,Thornton,hbaker@example.com,7478658018,France,Bordeaux,89777,True,new,5.82,False,2024-06-02 02:24:25,
336,Cheryl,Pearson,matthew41@example.com,+1-296-373-9385x2580,Australia,Brisbane,2165,True,casual,1653.03,True,2023-11-16 17:07:14,
337,Alexander,Davis,jenningsmichael@example.net,343-400-9109x3911,United Kingdom,Manchester,E5 8LJ,True,casual,1249.46,True,2024-07-18 20:49:37,
338,Nicholas,Gallagher,pauladominguez@example.com,871-774-6542x1406,Spain,Bilbao,34504,True,new,77.29,True,2021-06-24 15:00:35,
339,Wendy,Scott,gregory17@example.org,+1-662-371-2863x917,United States,Los Angeles,35265,True,new,125.55,True,2022-09-16 15:16:23,
340,Austin,Jones,kimberly07@example.org,+1-800-864-2569x0877,Australia,Brisbane,8746,True,casual,1059.74,False,2024-12-13 06:38:14,
341,Megan,Norman,fernandezaaron@example.net,001-371-998-5546x015,Spain,Barcelona,41102,True,new,51.64,False,2023-12-23 15:59:18,
342,Kathleen,Roberts,gregorywilliams@example.com,+1-534-961-5717x3203,United States,Houston,16507,True,new,128.07,False,2022-05-22 03:15:23,
343,Paul,Sparks,victor70@example.org,205-406-1387x82931,Germany,Hamburg,95404,True,new,76.99,False,2024-06-26 07:04:11,
344,Tracy,Smith,sanchezdeborah@example.org,(304)317-9291,France,Lille,32701,True,new,33.57,False,2021-01-27 07:06:05,
345,Tyler,Lloyd,bryanharris@example.com,001-365-319-8253x092,Australia,Perth,9335,True,casual,1718.01,True,2024-03-15 16:02:38,
346,Joshua,Todd,heathertran@example.com,990.321.9620,Netherlands,Eindhoven,2676 AT,True,new,84.22,False,2024-03-08 16:35:37,
347,Adam,White,mannbrittney@example.com,(472)932-4876x32909,Canada,Montreal,N4L 4J2,True,new,114.82,False,2025-05-27 04:12:19,
348,Cheryl,Miller,michael08@example.org,918.519.5883,Canada,Vancouver,A7M 4S6,True,casual,1499.79,True,2024-04-21 07:52:34,
349,Joshua,Lee,ginaschmitt@example.com,222.300.5436x4597,Germany,Stuttgart,80075,True,new,135.98,False,2025-01-18 01:23:15,
350,Joy,Buckley,ericjohnson@example.net,713-579-9563,France,Marseille,22793,True,loyal,2587.53,True,2025-01-02 15:57:59,
351,Kimberly,Nguyen,youngrobert@example.org,(831)779-7062x3972,Canada,Toronto,K5K 4S5,True,new,39.08,True,2024-02-29 18:39:02,
352,Derek,Cortez,theresa35@example.org,4907421776,United Kingdom,Glasgow,G9 2YN,True,loyal,5011.41,False,2023-07-16 23:01:02,
353,Jeffrey,Phillips,kristinelittle@example.net,(998)931-6873,Spain,Barcelona,30734,True,new,116.84,False,2022-07-15 08:22:30,
354,Joshua,Blair,johnhamilton@example.org,001-229-806-0078,United States,Houston,45851,True,casual,1546.27,True,2022-10-13 12:40:51,
355,Amanda,Mendoza,chavezjohn@example.net,001-206-932-5431x074,United Kingdom,Manchester,W7 7NP,True,casual,828.3,True,2025-01-23 05:32:40,
356,Steven,Taylor,xlopez@example.net,501.365.8046x498,Canada,Ottawa,J0A 3K5,True,new,19.34,False,2023-08-28 15:17:08,
357,Christine,Rogers,robertsonrenee@example.com,4163579055,Australia,Brisbane,5734,True,loyal,5186.15,False,2023-11-16 14:48:52,
358,Ann,Ayala,tinaallen@example.org,+1-779-733-5548x6401,Germany,Munich,62873,True,new,34.26,False,2021-03-01 10:02:37,
359,Shaun,Mason,harrisonamanda@example.net,379-451-3711x6241,France,Paris,58049,True,casual,812.87,False,2021-04-27 02:01:08,
360,Joshua,Terry,nhernandez@example.net,+1-304-268-2756x7043,United States,Austin,24170,True,casual,191.65,True,2021-03-03 08:03:11,
361,Monica,Hall,robert55@example.com,001-488-677-4924,France,Lyon,99881,True,new,45.17,False,2021-01-29 21:47:51,
362,Jeremy,Watson,kayla02@example.com,272-792-8422x2231,France,Toulouse,23751,True,casual,1465.66,True,2025-05-09 10:31:34,
363,Autumn,Alexander,jack80@example.net,952-757-8284x10672,Germany,Hamburg,78569,True,new,53.69,False,2022-09-19 13:50:34,
364,Eric,Cordova,deborah47@example.com,001-892-597-5170x281,Spain,Valencia,25368,True,loyal,1608.37,True,2021-01-09 12:09:36,
365,Sean,Davis,franklinjames@example.net,843.501.8718,United Kingdom,Edinburgh,C2 5XH,True,new,148.3,True,2024-11-20 01:50:24,
366,Tracy,Morrison,kerrmichael@example.org,001-365-565-0455x478,United States,Boston,48085,True,new,120.24,False,2024-01-25 03:33:07,
367,Jessica,Wallace,slara@example.org,001-366-829-9123x478,United States,New York,28139,True,casual,724.46,False,2022-06-14 18:19:01,
368,Christopher,Ortiz,robert87@example.net,001-623-626-4870,Canada,Montreal,H1R 6T4,True,casual,1410.81,True,2024-04-13 09:01:52,
369,Troy,Singh,anthonysmith@example.com,771-946-2730x1471,France,Lille,17686,True,new,15.56,False,2022-05-11 05:22:57,
370,Ariana,Oneill,hmccann@example.com,690.742.9025x72520,Netherlands,The Hague,1472 YE,True,new,138.06,True,2025-02-09 21:01:46,
371,Robert,Barr,brandon48@example.net,783-621-9285,Canada,Toronto,X9K 5X8,True,new,64.93,False,2021-10-23 21:46:07,
372,Joseph,Wolfe,cody95@example.org,3285457652,France,Bordeaux,90335,True,casual,122.13,False,2021-06-19 12:44:40,
373,Eric,Walker,laurahansen@example.net,488.916.7112x07545,France,Paris,74441,True,new,36.13,False,2023-09-24 04:11:25,
374,Pamela,Harper,gerald40@example.net,332-823-4232,Netherlands,Rotterdam,2291 RR,True,casual,267.24,True,2024-10-24 04:39:08,
375,Hannah,Bowers,smithtodd@example.com,6312089071,United States,New York,62879,True,casual,168.08,True,2024-07-05 02:11:27,
376,Carl,Contreras,pattonsamantha@example.org,001-732-750-1249,Australia,Adelaide,6606,True,vip,42038.99,True,2022-10-05 15:56:48,
377,Ethan,Mason,williamjones@example.net,001-408-933-4280x138,Spain,Valencia,46710,True,loyal,7591.59,True,2025-01-09 23:24:15,
378,Emily,Rodriguez,tina63@example.net,961.751.7182,United States,Chicago,56548,True,casual,1140.61,True,2023-06-27 03:52:21,
379,Janet,Hawkins,millertristan@example.com,779-447-3864x6317,Netherlands,Amsterdam,5166 WG,True,new,18.11,False,2022-08-06 16:14:59,
380,Alexander,Craig,sandersalexandra@example.net,712-566-9121,Canada,Toronto,S0E 7T9,True,new,20.2,False,2025-04-16 11:41:46,
381,Matthew,Larson,bmartinez@example.net,449.994.6579x6784,Spain,Bilbao,21613,True,loyal,7709.2,True,2022-06-24 12:18:08,
382,Daniel,King,ihall@example.org,401-670-2695,Netherlands,Utrecht,5067 JN,True,loyal,9749.18,True,2023-12-02 05:24:18,
383,Christy,Davis,guerreroapril@example.com,234.877.8485x880,Australia,Adelaide,9050,True,casual,1452.56,False,2023-09-03 06:53:06,
384,Nicole,Wilson,yedwards@example.com,900.328.4276x246,Australia,Brisbane,9546,True,casual,1964.54,False,2022-02-17 04:43:15,
385,Ashley,Henry,kalvarez@example.net,,Canada,Toronto,P8V 9S8,True,casual,1767.21,True,2023-06-08 08:20:06,
386,Brian,Baker,wjensen@example.com,700-790-2559x05616,United States,Austin,17419,True,new,40.05,False,2022-09-14 01:48:16,
387,Robert,Brown,johnwong@example.net,214-915-2085,United States,Austin,48684,True,new,113.04,True,2022-09-26 19:24:34,
388,Diane,Henderson,sadams@example.com,001-905-369-6591,Germany,Stuttgart,94819,True,loyal,3519.56,False,2024-04-23 05:29:28,
389,Hannah,Harris,wshaw@example.net,629-845-6371x83440,Netherlands,Utrecht,7825 YL,True,casual,124.63,True,2021-06-17 03:46:56,
390,Linda,Weber,robbinsbelinda@example.net,741-598-7635x14846,Germany,Stuttgart,94886,True,loyal,7918.42,True,2024-02-17 12:45:54,
391,Robert,King,jpowers@example.org,8822973748,Australia,Perth,3453,True,vip,17722.78,True,2021-08-20 08:48:38,
392,Alexa,Diaz,johnfrancis@example.com,(365)413-6442x49363,Australia,Melbourne,3318,True,new,0.85,False,2023-03-04 07:22:57,
393,James,Sanchez,steven86@example.com,+1-203-224-2044x8207,United States,Boston,91968,True,loyal,5669.68,True,2023-07-25 15:43:51,
394,Michele,Miller,michelle65@example.net,+1-316-523-1981x8984,Germany,Munich,78236,True,new,117.94,True,2021-07-31 19:36:21,
395,Carol,Mejia,mark96@example.net,001-236-932-1234x764,Germany,Stuttgart,53500,True,new,54.12,True,2023-10-26 14:06:36,
396,Amanda,Lyons,stewartrodney@example.net,242.257.5409,United States,New York,97679,True,vip,31174.7,False,2023-12-12 00:10:25,
397,Hannah,Mccormick,johnnycruz@example.net,001-551-683-7606x441,Canada,Calgary,E6L 8M0,True,vip,50749.67,True,2025-05-25 20:27:28,
398,Jason,Zamora,zwelch@example.net,(704)817-7656x12481,Germany,Hamburg,77357,True,new,142.23,True,2021-09-13 20:07:17,
399,Carrie,Li,shawn00@example.net,+1-527-420-6345x9112,United Kingdom,Manchester,Y4 7DG,True,new,96.98,False,2024-09-14 05:40:47,
400,Melanie,Jennings,shannon24@example.org,+1-295-543-1652x6693,Canada,Toronto,C1B 2L8,True,new,86.24,True,2021-08-07 20:32:34,
401,Rebecca,Mccann,josechristian@example.org,(896)994-2152x9108,Netherlands,The Hague,1276 NY,True,casual,1116.19,False,2022-01-03 13:31:01,
402,Margaret,Snyder,jenniferlee@example.com,476-226-3934x3626,United Kingdom,Birmingham,T2 5YK,True,casual,634.88,False,2021-09-26 18:17:48,
403,Kelly,Green,xsolomon@example.net,+1-371-207-2563x6694,France,Bordeaux,38818,True,new,112.01,False,2022-02-28 17:20:18,
404,Brett,Galvan,modonnell@example.net,+1-200-448-9646x528,Australia,Brisbane,9842,False,casual,1151.7,True,2021-02-04 15:25:11,
405,Jorge,Gordon,natalie21@example.com,001-886-624-1502x745,United Kingdom,Birmingham,G6 4PX,True,casual,370.66,True,2025-05-12 10:41:57,
406,Raven,Baker,zachary62@example.com,001-672-487-0320x320,United States,Boston,81939,True,new,96.7,True,2024-12-04 02:25:34,
407,Janice,Graham,wwilliams@example.net,+1-577-671-2151,Spain,Valencia,33405,True,new,100.69,True,2022-02-03 08:24:50,
408,Henry,Jackson,anna93@example.net,7892261371,Spain,Seville,31518,True,new,104.02,True,2023-08-08 16:48:59,
409,Justin,Zavala,longbrittany@example.org,720-417-7749x05097,France,Paris,51053,True,vip,48854.33,False,2023-02-04 20:08:55,
410,Jason,Williams,marcus01@example.net,+1-861-864-2361x032,Canada,Calgary,T7P 4V8,True,new,26.37,False,2021-12-05 03:08:58,
411,Justin,Goodwin,davidhenry@example.com,001-649-825-1583x776,Germany,Hamburg,92132,True,new,109.11,False,2021-08-26 13:26:53,
412,Christopher,Henderson,christina66@example.org,3856732788,Netherlands,Eindhoven,4485 BU,True,loyal,6119.49,False,2023-03-21 16:57:40,
413,Taylor,Miller,ievans@example.net,838-864-9081x0818,Germany,Cologne,48141,True,new,69.71,False,2022-02-20 22:54:36,
414,Cody,Guerrero,michael91@example.net,6177226016,France,Bordeaux,28398,True,casual,402.52,True,2024-10-18 08:36:29,
415,Brenda,Gibson,qhanson@example.com,(232)219-4168,Spain,Valencia,12648,True,new,114.22,True,2022-11-11 20:20:08,
416,Randall,Smith,zstevens@example.net,001-597-349-9564x122,Canada,Calgary,V7B 0N1,True,casual,1686.26,True,2023-04-30 17:17:18,
417,Lisa,Horton,micheleclark@example.net,(936)883-1472,Canada,Ottawa,C8L 6K8,True,casual,770.51,False,2024-06-14 21:47:16,
418,Andrew,Martin,joannewallace@example.com,807.893.3496x0501,France,Toulouse,31706,True,casual,246.47,False,2022-12-16 13:21:17,
419,Melinda,Mclaughlin,benjamin67@example.net,001-797-330-8069,United Kingdom,Bristol,H7 6DS,True,new,71.85,False,2025-01-27 15:00:27,
420,Joseph,Wong,nwilson@example.net,(576)702-4375x738,France,Bordeaux,87640,True,new,20.21,False,2022-05-16 14:39:34,
421,Sandra,Castaneda,sanderson@example.net,001-466-557-2934x172,France,Bordeaux,63143,True,new,131.78,False,2021-02-27 20:24:37,
422,Eric,Vasquez,fhahn@example.com,438.200.5452,Spain,Seville,21178,True,new,124.55,False,2022-11-13 12:57:04,
423,Lindsay,Morgan,williamsondavid@example.org,945.350.8428x9107,Australia,Melbourne,7932,True,new,138.35,False,2023-12-01 15:25:19,
424,Theresa,Harrington,colonbobby@example.org,(313)452-4787,United States,Los Angeles,78512,True,new,102.66,False,2025-04-16 23:46:18,
425,Deborah,Cook,davidharris@example.com,001-403-875-4821x456,United States,Boston,79655,True,loyal,7895.26,True,2025-04-13 18:56:45,
426,Kristin,Taylor,agutierrez@example.com,,United States,Boston,98940,True,new,78.31,False,2024-09-02 14:44:06,
427,Stephanie,Black,sherry72@example.org,001-481-215-5626x060,Spain,Seville,32971,True,new,63.82,True,2021-10-31 14:18:03,
428,Tiffany,Whitney,robert84@example.net,,Netherlands,The Hague,4096 AZ,True,new,86.7,True,2021-01-23 02:27:51,
429,Julia,Blankenship,wilcoxrachel@example.net,(867)538-9975,Canada,Calgary,P1G 6L4,True,casual,1172.87,False,2024-08-08 23:02:17,
430,Nicole,Miller,peter28@example.net,631-588-4852x0089,Spain,Barcelona,34262,True,new,38.07,False,2025-02-11 23:46:19,
431,Marilyn,Torres,hbenitez@example.net,6542851017,United Kingdom,Bristol,H8 3DG,True,casual,861.07,True,2025-04-29 08:50:31,
432,Shawn,Bird,michaelmitchell@example.net,001-526-783-1589,France,Toulouse,93345,True,casual,1628.3,False,2021-01-17 10:29:53,
433,Shawn,Thomas,fpoole@example.org,8628737158,Australia,Melbourne,5037,True,new,91.35,False,2021-09-06 16:11:43,
434,Monica,Silva,sbarajas@example.com,001-962-928-2772x881,Australia,Adelaide,2470,True,casual,1316.55,True,2022-06-29 13:09:44,
435,Antonio,Moore,sandra19@example.com,715-694-0821,Australia,Melbourne,2275,True,loyal,5884.42,True,2025-05-06 05:12:24,
436,Vickie,Turner,jjohnson@example.org,001-360-744-3270,United States,Los Angeles,21382,True,new,116.95,False,2023-05-08 07:20:39,
437,Carlos,Williams,kberry@example.com,867-892-2877x72519,United Kingdom,London,U5 9VM,True,new,144.49,True,2023-12-16 13:37:13,
438,Jesse,Foster,rubiopamela@example.net,212-509-4818x139,United States,Chicago,32942,True,loyal,5803.02,True,2024-06-18 22:09:28,
439,Karen,Shaw,martinezsharon@example.org,7438397189,Australia,Adelaide,8661,True,new,104.13,False,2023-02-17 03:54:04,
440,Brianna,Henry,morganhenry@example.org,456.641.1182x42241,Spain,Seville,48458,True,casual,1015.74,True,2021-03-26 23:24:57,
441,Stephanie,Gregory,mendezmark@example.org,001-204-561-5265x461,Germany,Hamburg,64057,True,new,77.48,True,2024-01-03 00:45:57,
442,John,Harper,trevorgoodwin@example.com,240-857-8617,Canada,Toronto,Y2V 5P3,True,new,27.42,False,2023-04-16 23:44:41,
443,Cynthia,Mcintyre,adamstabitha@example.net,538-424-9671,Germany,Stuttgart,41726,True,casual,492.88,True,2023-04-05 14:03:33,
444,Nathaniel,Galloway,amandahenderson@example.net,600.879.4200x749,United Kingdom,London,C8 1UB,True,new,55.68,False,2025-02-07 10:18:15,
445,Yvette,Kirby,brendadixon@example.org,(689)814-1612,Australia,Perth,3498,True,casual,632.51,True,2025-05-08 00:53:11,
446,Jason,Wagner,nicole54@example.net,943.255.3795x020,Spain,Bilbao,12134,True,casual,759.85,False,2025-04-11 03:16:02,
447,Rachel,Chambers,speters@example.net,868.411.8071x5695,Spain,Valencia,10551,True,new,101.12,False,2021-02-06 17:21:41,
448,Mary,Cain,martinezmitchell@example.org,903.704.5319x433,France,Bordeaux,44452,True,loyal,3789.97,False,2023-01-07 18:22:37,
449,Benjamin,Vasquez,adrianjoyce@example.net,(314)498-7283x9992,Netherlands,The Hague,6981 NJ,True,new,26.98,True,2024-11-01 08:47:23,
450,Julie,Anderson,nicoledaniel@example.com,208.794.8706,Australia,Melbourne,6549,True,new,128.45,True,2024-09-04 20:33:56,
451,Ryan,Carney,david87@example.com,(580)730-4687x506,United States,Los Angeles,65249,True,new,20.17,False,2025-04-02 04:42:51,
452,Christopher,Armstrong,mooneyjeremiah@example.net,(713)632-5411x07609,Spain,Valencia,26447,True,new,59.76,False,2021-05-29 05:27:48,
453,John,Wells,marissa58@example.org,299-271-7911,United Kingdom,Glasgow,L5 6MU,True,new,51.62,False,2023-03-12 16:36:36,
454,Nicholas,Wu,pattonbryan@example.com,6498611080,France,Marseille,56544,True,casual,1379.07,True,2023-10-08 00:29:19,
455,Richard,Williamson,mhall@example.net,+1-707-567-6991x507,Australia,Perth,7174,True,new,130.24,False,2022-03-27 00:40:28,
456,Daniel,Smith,watkinsmary@example.net,(584)456-7972,Netherlands,Amsterdam,2296 FL,True,casual,695.62,False,2022-12-11 01:09:46,
457,Laura,Brown,breanna85@example.com,,Spain,Valencia,48464,True,new,62.1,True,2024-10-30 23:57:20,
458,Brandy,Weaver,dylanparker@example.com,550-589-2038x8065,United Kingdom,Manchester,F7 2DC,True,casual,1142.02,True,2025-01-10 03:17:24,
459,Danielle,Harris,petersonelizabeth@example.net,001-379-959-9594x652,Australia,Adelaide,3272,True,new,98.22,False,2021-09-19 22:42:12,
460,Nancy,Lozano,arobinson@example.net,537.893.3756,France,Lyon,79041,True,new,4.29,False,2022-06-15 01:27:13,
461,Jack,Fritz,alejandro50@example.net,524-573-9500,Australia,Adelaide,5644,True,new,145.43,False,2022-02-24 18:53:51,
462,Justin,Robinson,jennifer58@example.org,(330)724-1026,Netherlands,Eindhoven,9745 KM,True,casual,1125.37,False,2025-02-05 10:33:08,
463,Sharon,Torres,mikewatson@example.org,,Australia,Sydney,2000,True,new,51.58,False,2022-02-28 11:17:54,
464,Shelley,Rowland,ejohns@example.org,(823)538-6559,Spain,Valencia,10598,True,loyal,8282.7,True,2024-08-30 07:34:59,
465,Samantha,Hines,melissaphillips@example.org,830-742-8973x17912,Netherlands,Utrecht,5094 FZ,True,new,124.26,True,2024-04-25 19:52:22,
466,Victor,Marshall,jennifer87@example.net,574.696.9033x3736,Australia,Brisbane,7312,True,new,61.94,False,2023-04-16 04:49:22,
467,Ronald,Bennett,selenabrooks@example.net,,Spain,Valencia,50812,True,casual,456.8,True,2025-03-09 13:52:55,
468,Christopher,Walton,sean53@example.net,8787956776,United Kingdom,Birmingham,J3 8AH,True,new,22.6,False,2021-10-08 05:34:29,
469,Linda,Stewart,cjohnson@example.org,315-314-8881x431,Canada,Calgary,B5C 2B4,True,casual,235.63,True,2024-05-04 05:05:18,
470,Michael,Payne,james54@example.com,001-243-992-8404x456,United States,New York,42631,True,loyal,8055.42,True,2024-04-10 12:36:38,
471,Destiny,Hays,michelleperez@example.net,001-837-838-9877x515,United Kingdom,Edinburgh,Y4 8NY,True,new,140.43,True,2023-08-28 16:33:39,
472,Jason,Cole,brooksbarbara@example.org,207-255-3666x8459,United Kingdom,Birmingham,S5 4MB,False,new,145.99,True,2022-11-08 15:28:07,
473,Sandra,Hernandez,ashley99@example.net,(663)361-8637x1597,United Kingdom,Glasgow,H1 1VS,True,casual,805.66,True,2022-04-27 13:02:13,
474,George,Leonard,antoniobarker@example.com,3239164334,United States,New York,56598,True,casual,1432.52,False,2022-04-24 04:59:25,
475,Brian,Stone,markbrowning@example.com,(412)586-7163,Canada,Calgary,J0R 5G4,True,vip,33235.71,True,2021-05-03 16:28:45,
476,Kyle,Meyers,kmoore@example.com,001-338-874-3027,France,Bordeaux,55569,True,new,109.86,True,2023-10-03 15:23:43,
477,Cassidy,Wright,renee77@example.com,001-401-847-5469,United Kingdom,Edinburgh,E8 5JU,True,casual,962.75,False,2024-02-15 13:54:26,
478,John,Yoder,qellis@example.org,001-991-860-3248x413,Canada,Ottawa,K5C 8R3,True,loyal,8008.74,True,2025-03-26 19:57:14,
479,Victoria,Tran,charles18@example.com,(572)843-8070x17656,United Kingdom,Edinburgh,Y2 1EF,True,new,30.31,False,2021-04-08 03:56:24,
480,Benjamin,King,markgoodman@example.com,311.483.7274x220,Spain,Bilbao,50892,False,loyal,1917.23,True,2023-03-07 04:09:36,
481,Kelly,Nichols,qjackson@example.org,+1-842-675-2308x3708,Spain,Madrid,40674,True,loyal,4567.87,False,2021-07-08 14:08:02,
482,Scott,George,bartonkatie@example.org,(333)410-6005x313,United States,Boston,90862,True,casual,1105.14,False,2023-04-06 20:39:01,
483,Jennifer,Williams,ochoamarcus@example.net,393.786.6133,United Kingdom,London,H9 7GG,True,new,85.5,False,2023-02-12 21:06:56,
484,Marcus,Smith,alexander37@example.org,949-350-1364,Canada,Calgary,S1H 2Y6,True,casual,741.27,True,2025-04-18 00:37:17,
485,Jennifer,Moody,johnathandavis@example.com,+1-862-552-5715x0997,Canada,Ottawa,N5S 6N9,True,new,84.47,True,2023-01-18 21:34:29,
486,Wesley,Bush,hallchristina@example.org,836-539-1025x7432,Spain,Seville,36023,True,new,108.95,False,2021-01-01 14:35:13,
487,Dawn,Young,vstevenson@example.org,250-586-4035x533,Australia,Sydney,4460,True,vip,19170.79,True,2022-11-21 09:04:18,
488,Laurie,Horton,cathyjames@example.com,(570)417-1302,France,Paris,14946,True,loyal,4523.07,True,2024-12-01 07:39:39,
489,Christopher,Watkins,joelmiller@example.net,942.533.6293x449,Australia,Sydney,6673,True,new,85.36,True,2024-05-27 03:07:04,
490,Joseph,Harrington,tapiamichael@example.com,(277)868-9627,Spain,Bilbao,16249,True,new,5.61,False,2023-07-23 06:56:40,
491,Ronald,Miller,brooke28@example.net,(946)374-7468,Canada,Montreal,S6E 3A6,True,loyal,4090.66,True,2021-06-18 04:04:21,
492,Mathew,Espinoza,ericlopez@example.org,357.866.6567x49160,Germany,Munich,16621,True,new,145.66,False,2024-05-05 15:27:26,
493,Sarah,Martin,xkrueger@example.net,(287)450-6633x705,Netherlands,Rotterdam,3165 LC,True,new,85.72,True,2025-01-18 10:17:40,
494,Jose,Gibson,jonathanguzman@example.net,(501)816-6918,France,Lyon,73035,True,new,73.18,False,2022-09-08 12:02:32,
495,Gabriel,Simmons,vincent86@example.net,961-219-5243x6402,Germany,Munich,19390,True,casual,1575.87,True,2023-04-08 05:34:02,
496,Collin,Ayala,pwarren@example.com,001-562-425-2237x281,Netherlands,The Hague,6706 GL,True,casual,1228.37,True,2023-12-07 09:38:21,
497,James,Brady,jordanbarrera@example.com,291.521.4161x415,Spain,Bilbao,19556,True,casual,185.27,False,2024-09-30 11:20:00,
498,Timothy,Chambers,smithjoseph@example.org,+1-890-713-8069x8477,United Kingdom,London,B4 3KA,False,casual,1418.21,True,2023-12-03 12:10:07,
499,Nathan,Wu,lisa56@example.com,+1-605-551-0762x091,Germany,Munich,81620,True,new,82.32,False,2023-03-15 14:56:18,
500,Miguel,Montgomery,qrobertson@example.org,9508505739,Netherlands,Eindhoven,9631 BJ,True,casual,214.21,True,2022-06-14 03:57:12,
